transaction_id,transaction_timestamp,store_id,product_id,product_name,category,quantity,unit_price,total_amount,payment_method,customer_id
S002-20260105-0001,2026-01-05 20:00:44,S002,P007,Chicken (1kg),Meat,2,8.5,17.0,Cash,C5846
S002-20260102-0002,2026-01-02 18:05:01,S002,P008,Sugar 1kg,Groceries,3,3.5,10.5,Cash,C8524
S002-20260107-0003,2026-01-07 17:47:37,S002,P001,Rice 5kg,Groceries,4,25.0,100.0,Card,C3271
S002-20260107-0004,2026-01-07 19:25:11,S002,P006,Soft Drink 50cl,Beverages,4,2.0,8.0,Card,C1022
S002-20260107-0005,2026-01-07 18:04:24,S002,P006,Soft Drink 50cl,Beverages,5,2.0,10.0,Cash,C7977
S002-20260107-0006,2026-01-07 12:44:39,S002,P009,Spaghetti 500g,Groceries,5,2.5,12.5,Transfer,C2326
S002-20260105-0007,2026-01-05 13:47:59,S002,P001,Rice 5kg,Groceries,5,25.0,125.0,Transfer,C6963
S002-20260101-0008,2026-01-01 09:24:23,S002,P008,Sugar 1kg,Groceries,5,3.5,17.5,Cash,C7003
S002-20260102-0009,2026-01-02 18:35:45,S002,P002,Cooking Oil 1L,Groceries,5,12.5,62.5,Card,C4354
S002-20260102-0010,2026-01-02 13:15:34,S002,P002,Cooking Oil 1L,Groceries,4,12.5,50.0,Card,C4437
S002-20260107-0011,2026-01-07 19:48:14,S002,P006,Soft Drink 50cl,Beverages,3,2.0,6.0,Transfer,C9250
S002-20260106-0012,2026-01-06 14:17:03,S002,P002,Cooking Oil 1L,Groceries,3,12.5,37.5,Cash,C8966
S002-20260105-0013,2026-01-05 16:53:07,S002,P008,Sugar 1kg,Groceries,5,3.5,17.5,Card,C9730
S002-20260103-0014,2026-01-03 15:39:23,S002,P002,Cooking Oil 1L,Groceries,2,12.5,25.0,Transfer,C8501
S002-20260101-0015,2026-01-01 09:25:57,S002,P003,Milk 1L,Dairy,3,4.0,12.0,Transfer,C2260
S002-20260101-0016,2026-01-01 10:17:07,S002,P003,Milk 1L,Dairy,4,4.0,16.0,Cash,C4346
S002-20260105-0017,2026-01-05 18:01:18,S002,P007,Chicken (1kg),Meat,5,8.5,42.5,Transfer,C8764
S002-20260103-0018,2026-01-03 14:28:47,S002,P001,Rice 5kg,Groceries,3,25.0,75.0,Cash,C1361
S002-20260107-0019,2026-01-07 20:14:53,S002,P009,Spaghetti 500g,Groceries,3,2.5,7.5,Card,C6616
S002-20260106-0020,2026-01-06 18:50:20,S002,P008,Sugar 1kg,Groceries,5,3.5,17.5,Card,C9686
S002-20260107-0021,2026-01-07 16:28:29,S002,P005,Eggs (12 pack),Dairy,5,6.5,32.5,Cash,C6021
S002-20260102-0022,2026-01-02 20:16:14,S002,P008,Sugar 1kg,Groceries,3,3.5,10.5,Transfer,C1775
S002-20260102-0023,2026-01-02 13:18:29,S002,P003,Milk 1L,Dairy,5,4.0,20.0,Transfer,C9770
S002-20260103-0024,2026-01-03 10:11:53,S002,P003,Milk 1L,Dairy,2,4.0,8.0,Cash,C1674
S002-20260103-0025,2026-01-03 17:08:28,S002,P005,Eggs (12 pack),Dairy,3,6.5,19.5,Cash,C1568
S002-20260106-0026,2026-01-06 13:22:09,S002,P006,Soft Drink 50cl,Beverages,4,2.0,8.0,Card,C3663
S002-20260105-0027,2026-01-05 12:07:58,S002,P001,Rice 5kg,Groceries,4,25.0,100.0,Transfer,C3381
S002-20260104-0028,2026-01-04 13:09:00,S002,P009,Spaghetti 500g,Groceries,5,2.5,12.5,Cash,C5842
S002-20260104-0029,2026-01-04 12:48:36,S002,P003,Milk 1L,Dairy,5,4.0,20.0,Card,C8243
S002-20260103-0030,2026-01-03 19:07:46,S002,P008,Sugar 1kg,Groceries,1,3.5,3.5,Cash,C2914
S002-20260103-0031,2026-01-03 08:25:39,S002,P004,Bread Loaf,Bakery,4,3.0,12.0,Cash,C6347
S002-20260101-0032,2026-01-01 17:41:12,S002,P010,Detergent 1kg,Household,5,7.0,35.0,Cash,C5553
S002-20260102-0033,2026-01-02 08:05:34,S002,P008,Sugar 1kg,Groceries,1,3.5,3.5,Transfer,C7462
S002-20260102-0034,2026-01-02 15:20:38,S002,P010,Detergent 1kg,Household,5,7.0,35.0,Transfer,C6915
S002-20260104-0035,2026-01-04 10:45:54,S002,P007,Chicken (1kg),Meat,3,8.5,25.5,Cash,C1199
S002-20260103-0036,2026-01-03 13:22:19,S002,P008,Sugar 1kg,Groceries,5,3.5,17.5,Cash,C8278
S002-20260106-0037,2026-01-06 14:51:28,S002,P005,Eggs (12 pack),Dairy,2,6.5,13.0,Transfer,C7944
S002-20260106-0038,2026-01-06 14:08:53,S002,P010,Detergent 1kg,Household,5,7.0,35.0,Cash,C4404
S002-20260103-0039,2026-01-03 15:55:33,S002,P006,Soft Drink 50cl,Beverages,1,2.0,2.0,Transfer,C7156
S002-20260101-0040,2026-01-01 08:26:40,S002,P005,Eggs (12 pack),Dairy,4,6.5,26.0,Cash,C8571
S002-20260106-0041,2026-01-06 17:48:58,S002,P003,Milk 1L,Dairy,2,4.0,8.0,Cash,C7254
S002-20260103-0042,2026-01-03 16:31:02,S002,P005,Eggs (12 pack),Dairy,5,6.5,32.5,Cash,C8593
S002-20260102-0043,2026-01-02 08:50:00,S002,P003,Milk 1L,Dairy,3,4.0,12.0,Cash,C8742
S002-20260101-0044,2026-01-01 18:42:57,S002,P005,Eggs (12 pack),Dairy,4,6.5,26.0,Cash,C5009
S002-20260101-0045,2026-01-01 09:48:17,S002,P008,Sugar 1kg,Groceries,1,3.5,3.5,Card,C6927
S002-20260105-0046,2026-01-05 15:36:27,S002,P005,Eggs (12 pack),Dairy,4,6.5,26.0,Transfer,C2959
S002-20260103-0047,2026-01-03 16:46:36,S002,P001,Rice 5kg,Groceries,3,25.0,75.0,Cash,C1958
S002-20260102-0048,2026-01-02 13:29:56,S002,P003,Milk 1L,Dairy,3,4.0,12.0,Cash,C5467
S002-20260103-0049,2026-01-03 14:40:58,S002,P006,Soft Drink 50cl,Beverages,1,2.0,2.0,Cash,C9677
S002-20260106-0050,2026-01-06 09:32:12,S002,P003,Milk 1L,Dairy,1,4.0,4.0,Card,C3738
S002-20260105-0051,2026-01-05 13:55:20,S002,P005,Eggs (12 pack),Dairy,3,6.5,19.5,Card,C6939
S002-20260101-0052,2026-01-01 16:37:22,S002,P003,Milk 1L,Dairy,1,4.0,4.0,Cash,C5610
S002-20260103-0053,2026-01-03 20:31:26,S002,P006,Soft Drink 50cl,Beverages,2,2.0,4.0,Cash,C3532
S002-20260105-0054,2026-01-05 11:53:12,S002,P009,Spaghetti 500g,Groceries,5,2.5,12.5,Card,C9612
S002-20260107-0055,2026-01-07 16:45:35,S002,P002,Cooking Oil 1L,Groceries,4,12.5,50.0,Card,C2251
S002-20260101-0056,2026-01-01 21:08:59,S002,P001,Rice 5kg,Groceries,4,25.0,100.0,Cash,C6940
S002-20260102-0057,2026-01-02 21:28:56,S002,P010,Detergent 1kg,Household,5,7.0,35.0,Transfer,C6604
S002-20260102-0058,2026-01-02 19:19:01,S002,P002,Cooking Oil 1L,Groceries,2,12.5,25.0,Cash,C3332
S002-20260106-0059,2026-01-06 11:19:08,S002,P004,Bread Loaf,Bakery,2,3.0,6.0,Transfer,C7960
S002-20260106-0060,2026-01-06 20:50:07,S002,P002,Cooking Oil 1L,Groceries,1,12.5,12.5,Transfer,C8065
S002-20260101-0061,2026-01-01 11:06:02,S002,P009,Spaghetti 500g,Groceries,5,2.5,12.5,Cash,C2948
S002-20260103-0062,2026-01-03 08:04:19,S002,P001,Rice 5kg,Groceries,1,25.0,25.0,Transfer,C4365
S002-20260105-0063,2026-01-05 11:11:42,S002,P006,Soft Drink 50cl,Beverages,1,2.0,2.0,Cash,C5544
S002-20260105-0064,2026-01-05 13:22:10,S002,P009,Spaghetti 500g,Groceries,5,2.5,12.5,Cash,C2119
S002-20260101-0065,2026-01-01 21:37:48,S002,P001,Rice 5kg,Groceries,5,25.0,125.0,Cash,C4138
S002-20260103-0066,2026-01-03 10:57:48,S002,P009,Spaghetti 500g,Groceries,1,2.5,2.5,Transfer,C2616
S002-20260102-0067,2026-01-02 16:54:45,S002,P008,Sugar 1kg,Groceries,3,3.5,10.5,Card,C4033
S002-20260104-0068,2026-01-04 18:06:11,S002,P006,Soft Drink 50cl,Beverages,4,2.0,8.0,Card,C9425
S002-20260102-0069,2026-01-02 14:07:48,S002,P006,Soft Drink 50cl,Beverages,1,2.0,2.0,Card,C9515
S002-20260102-0070,2026-01-02 15:48:23,S002,P005,Eggs (12 pack),Dairy,5,6.5,32.5,Card,C2347
S002-20260103-0071,2026-01-03 15:07:24,S002,P005,Eggs (12 pack),Dairy,4,6.5,26.0,Card,C6111
S002-20260106-0072,2026-01-06 21:28:14,S002,P009,Spaghetti 500g,Groceries,4,2.5,10.0,Cash,C8011
S002-20260102-0073,2026-01-02 21:04:57,S002,P008,Sugar 1kg,Groceries,3,3.5,10.5,Cash,C9055
S002-20260106-0074,2026-01-06 09:25:28,S002,P009,Spaghetti 500g,Groceries,1,2.5,2.5,Cash,C7468
S002-20260104-0075,2026-01-04 19:37:06,S002,P003,Milk 1L,Dairy,1,4.0,4.0,Cash,C4261
S002-20260103-0076,2026-01-03 11:38:54,S002,P007,Chicken (1kg),Meat,1,8.5,8.5,Cash,C7958
S002-20260106-0077,2026-01-06 15:17:48,S002,P010,Detergent 1kg,Household,5,7.0,35.0,Cash,C7557
S002-20260103-0078,2026-01-03 15:42:38,S002,P007,Chicken (1kg),Meat,4,8.5,34.0,Card,C3414
S002-20260107-0079,2026-01-07 15:06:07,S002,P005,Eggs (12 pack),Dairy,4,6.5,26.0,Card,C3205
S002-20260101-0080,2026-01-01 09:47:03,S002,P002,Cooking Oil 1L,Groceries,4,12.5,50.0,Card,C3934
S002-20260104-0081,2026-01-04 17:43:20,S002,P003,Milk 1L,Dairy,3,4.0,12.0,Card,C2578
S002-20260107-0082,2026-01-07 09:42:48,S002,P009,Spaghetti 500g,Groceries,4,2.5,10.0,Transfer,C4308
S002-20260103-0083,2026-01-03 18:31:31,S002,P009,Spaghetti 500g,Groceries,3,2.5,7.5,Card,C9856
S002-20260105-0084,2026-01-05 08:48:02,S002,P007,Chicken (1kg),Meat,1,8.5,8.5,Cash,C6153
S002-20260107-0085,2026-01-07 14:28:29,S002,P001,Rice 5kg,Groceries,1,25.0,25.0,Cash,C5965
S002-20260106-0086,2026-01-06 10:31:27,S002,P003,Milk 1L,Dairy,3,4.0,12.0,Card,C8986
S002-20260107-0087,2026-01-07 09:36:43,S002,P008,Sugar 1kg,Groceries,5,3.5,17.5,Card,C8697
S002-20260104-0088,2026-01-04 16:54:10,S002,P009,Spaghetti 500g,Groceries,1,2.5,2.5,Cash,C9105
S002-20260105-0089,2026-01-05 14:39:43,S002,P006,Soft Drink 50cl,Beverages,3,2.0,6.0,Cash,C1461
S002-20260105-0090,2026-01-05 08:08:53,S002,P006,Soft Drink 50cl,Beverages,3,2.0,6.0,Transfer,C1440
S002-20260107-0091,2026-01-07 18:21:24,S002,P002,Cooking Oil 1L,Groceries,4,12.5,50.0,Cash,C6855
S002-20260104-0092,2026-01-04 13:03:42,S002,P004,Bread Loaf,Bakery,2,3.0,6.0,Cash,C6113
S002-20260105-0093,2026-01-05 09:58:44,S002,P002,Cooking Oil 1L,Groceries,3,12.5,37.5,Cash,C3781
S002-20260101-0094,2026-01-01 16:20:02,S002,P008,Sugar 1kg,Groceries,4,3.5,14.0,Card,C7900
S002-20260103-0095,2026-01-03 08:44:30,S002,P010,Detergent 1kg,Household,1,7.0,7.0,Transfer,C7188
S002-20260105-0096,2026-01-05 14:20:36,S002,P002,Cooking Oil 1L,Groceries,4,12.5,50.0,Cash,C4373
S002-20260103-0097,2026-01-03 15:32:51,S002,P006,Soft Drink 50cl,Beverages,2,2.0,4.0,Card,C6952
S002-20260104-0098,2026-01-04 11:31:40,S002,P002,Cooking Oil 1L,Groceries,5,12.5,62.5,Cash,C5344
S002-20260101-0099,2026-01-01 12:36:25,S002,P004,Bread Loaf,Bakery,5,3.0,15.0,Card,C2506
S002-20260106-0100,2026-01-06 21:37:06,S002,P010,Detergent 1kg,Household,3,7.0,21.0,Cash,C9700
S002-20260104-0101,2026-01-04 14:13:22,S002,P002,Cooking Oil 1L,Groceries,3,12.5,37.5,Card,C5913
S002-20260104-0102,2026-01-04 18:34:20,S002,P004,Bread Loaf,Bakery,4,3.0,12.0,Card,C9443
S002-20260104-0103,2026-01-04 18:48:35,S002,P003,Milk 1L,Dairy,1,4.0,4.0,Card,C9457
S002-20260107-0104,2026-01-07 10:36:31,S002,P004,Bread Loaf,Bakery,4,3.0,12.0,Cash,C9728
S002-20260107-0105,2026-01-07 17:54:49,S002,P007,Chicken (1kg),Meat,5,8.5,42.5,Card,C1981
S002-20260105-0106,2026-01-05 11:23:29,S002,P003,Milk 1L,Dairy,2,4.0,8.0,Cash,C5919
S002-20260107-0107,2026-01-07 14:26:20,S002,P002,Cooking Oil 1L,Groceries,2,12.5,25.0,Transfer,C5373
S002-20260107-0108,2026-01-07 12:41:10,S002,P005,Eggs (12 pack),Dairy,5,6.5,32.5,Cash,C4907
S002-20260101-0109,2026-01-01 10:12:01,S002,P004,Bread Loaf,Bakery,3,3.0,9.0,Card,C8145
S002-20260104-0110,2026-01-04 18:57:02,S002,P004,Bread Loaf,Bakery,2,3.0,6.0,Cash,C1477
S002-20260103-0111,2026-01-03 20:51:17,S002,P009,Spaghetti 500g,Groceries,2,2.5,5.0,Card,C1691
S002-20260106-0112,2026-01-06 15:50:01,S002,P001,Rice 5kg,Groceries,1,25.0,25.0,Cash,C5882
S002-20260107-0113,2026-01-07 09:57:26,S002,P006,Soft Drink 50cl,Beverages,1,2.0,2.0,Cash,C3302
S002-20260102-0114,2026-01-02 09:36:47,S002,P009,Spaghetti 500g,Groceries,1,2.5,2.5,Card,C9605
S002-20260103-0115,2026-01-03 15:56:05,S002,P004,Bread Loaf,Bakery,5,3.0,15.0,Cash,C6134
S002-20260103-0116,2026-01-03 21:37:47,S002,P007,Chicken (1kg),Meat,2,8.5,17.0,Transfer,C4571
S002-20260102-0117,2026-01-02 09:11:13,S002,P005,Eggs (12 pack),Dairy,4,6.5,26.0,Card,C1916
S002-20260104-0118,2026-01-04 16:23:44,S002,P002,Cooking Oil 1L,Groceries,3,12.5,37.5,Card,C8780
S002-20260106-0119,2026-01-06 11:17:56,S002,P003,Milk 1L,Dairy,3,4.0,12.0,Card,C7025
S002-20260107-0120,2026-01-07 12:01:41,S002,P010,Detergent 1kg,Household,1,7.0,7.0,Transfer,C1895
S002-20260106-0121,2026-01-06 20:42:15,S002,P005,Eggs (12 pack),Dairy,5,6.5,32.5,Cash,C6945
S002-20260107-0122,2026-01-07 18:07:34,S002,P004,Bread Loaf,Bakery,4,3.0,12.0,Cash,C7438
S002-20260103-0123,2026-01-03 12:05:59,S002,P004,Bread Loaf,Bakery,3,3.0,9.0,Cash,C3625
S002-20260104-0124,2026-01-04 18:20:56,S002,P007,Chicken (1kg),Meat,1,8.5,8.5,Cash,C2312
S002-20260107-0125,2026-01-07 20:31:30,S002,P007,Chicken (1kg),Meat,3,8.5,25.5,Card,C2644
S002-20260107-0126,2026-01-07 10:44:16,S002,P009,Spaghetti 500g,Groceries,1,2.5,2.5,Cash,C9973
S002-20260106-0127,2026-01-06 13:29:44,S002,P001,Rice 5kg,Groceries,1,25.0,25.0,Card,C4010
S002-20260106-0128,2026-01-06 15:50:41,S002,P003,Milk 1L,Dairy,1,4.0,4.0,Card,C6006
S002-20260103-0129,2026-01-03 17:05:07,S002,P003,Milk 1L,Dairy,2,4.0,8.0,Card,C3131
S002-20260107-0130,2026-01-07 17:43:26,S002,P006,Soft Drink 50cl,Beverages,4,2.0,8.0,Card,C3187
S002-20260103-0131,2026-01-03 10:43:37,S002,P006,Soft Drink 50cl,Beverages,3,2.0,6.0,Cash,C7791
S002-20260103-0132,2026-01-03 10:25:56,S002,P007,Chicken (1kg),Meat,5,8.5,42.5,Cash,C1376
S002-20260105-0133,2026-01-05 18:39:40,S002,P004,Bread Loaf,Bakery,1,3.0,3.0,Transfer,C4248
S002-20260103-0134,2026-01-03 19:54:10,S002,P001,Rice 5kg,Groceries,4,25.0,100.0,Card,C5262
S002-20260102-0135,2026-01-02 09:23:10,S002,P010,Detergent 1kg,Household,1,7.0,7.0,Cash,C9615
S002-20260104-0136,2026-01-04 20:58:59,S002,P008,Sugar 1kg,Groceries,4,3.5,14.0,Cash,C4328
S002-20260102-0137,2026-01-02 21:52:50,S002,P005,Eggs (12 pack),Dairy,3,6.5,19.5,Card,C7259
S002-20260102-0138,2026-01-02 14:54:13,S002,P010,Detergent 1kg,Household,2,7.0,14.0,Transfer,C5636
S002-20260106-0139,2026-01-06 18:12:26,S002,P003,Milk 1L,Dairy,4,4.0,16.0,Transfer,C1471
S002-20260103-0140,2026-01-03 12:15:39,S002,P008,Sugar 1kg,Groceries,2,3.5,7.0,Cash,C8506
S002-20260101-0141,2026-01-01 08:30:08,S002,P006,Soft Drink 50cl,Beverages,4,2.0,8.0,Card,C7283
S002-20260106-0142,2026-01-06 14:47:38,S002,P005,Eggs (12 pack),Dairy,1,6.5,6.5,Cash,C1962
S002-20260101-0143,2026-01-01 13:59:15,S002,P008,Sugar 1kg,Groceries,3,3.5,10.5,Transfer,C1745
S002-20260101-0144,2026-01-01 12:32:39,S002,P007,Chicken (1kg),Meat,3,8.5,25.5,Transfer,C7076
S002-20260102-0145,2026-01-02 16:02:37,S002,P003,Milk 1L,Dairy,3,4.0,12.0,Cash,C9074
S002-20260103-0146,2026-01-03 15:08:05,S002,P006,Soft Drink 50cl,Beverages,5,2.0,10.0,Card,C5266
S002-20260101-0147,2026-01-01 13:02:08,S002,P008,Sugar 1kg,Groceries,3,3.5,10.5,Card,C8046
S002-20260103-0148,2026-01-03 12:39:53,S002,P005,Eggs (12 pack),Dairy,5,6.5,32.5,Cash,C3703
S002-20260103-0149,2026-01-03 19:31:48,S002,P003,Milk 1L,Dairy,5,4.0,20.0,Transfer,C8208
S002-20260101-0150,2026-01-01 11:09:03,S002,P004,Bread Loaf,Bakery,2,3.0,6.0,Cash,C5263
S002-20260102-0151,2026-01-02 19:29:27,S002,P002,Cooking Oil 1L,Groceries,4,12.5,50.0,Cash,C6841
S002-20260106-0152,2026-01-06 16:31:29,S002,P008,Sugar 1kg,Groceries,1,3.5,3.5,Transfer,C3425
S002-20260101-0153,2026-01-01 13:05:13,S002,P005,Eggs (12 pack),Dairy,2,6.5,13.0,Transfer,C9335
S002-20260107-0154,2026-01-07 12:36:57,S002,P010,Detergent 1kg,Household,2,7.0,14.0,Card,C1067
S002-20260105-0155,2026-01-05 20:36:11,S002,P007,Chicken (1kg),Meat,1,8.5,8.5,Cash,C9161
S002-20260106-0156,2026-01-06 09:56:21,S002,P001,Rice 5kg,Groceries,3,25.0,75.0,Card,C2998
S002-20260104-0157,2026-01-04 13:37:59,S002,P002,Cooking Oil 1L,Groceries,3,12.5,37.5,Cash,C2328
S002-20260104-0158,2026-01-04 21:45:42,S002,P008,Sugar 1kg,Groceries,4,3.5,14.0,Card,C5412
S002-20260105-0159,2026-01-05 18:00:21,S002,P001,Rice 5kg,Groceries,5,25.0,125.0,Transfer,C6323
S002-20260106-0160,2026-01-06 19:58:51,S002,P010,Detergent 1kg,Household,2,7.0,14.0,Cash,C1797
S002-20260107-0161,2026-01-07 18:18:20,S002,P001,Rice 5kg,Groceries,1,25.0,25.0,Card,C7248
S002-20260101-0162,2026-01-01 14:16:11,S002,P004,Bread Loaf,Bakery,4,3.0,12.0,Cash,C4411
S002-20260102-0163,2026-01-02 14:49:25,S002,P005,Eggs (12 pack),Dairy,2,6.5,13.0,Cash,C9042
S002-20260107-0164,2026-01-07 14:47:51,S002,P005,Eggs (12 pack),Dairy,5,6.5,32.5,Cash,C2574
S002-20260107-0165,2026-01-07 13:32:12,S002,P008,Sugar 1kg,Groceries,4,3.5,14.0,Transfer,C8805
S002-20260103-0166,2026-01-03 17:38:27,S002,P002,Cooking Oil 1L,Groceries,4,12.5,50.0,Transfer,C4053
S002-20260104-0167,2026-01-04 18:27:05,S002,P001,Rice 5kg,Groceries,5,25.0,125.0,Cash,C8594
S002-20260106-0168,2026-01-06 11:41:43,S002,P003,Milk 1L,Dairy,4,4.0,16.0,Card,C9596
S002-20260101-0169,2026-01-01 12:29:27,S002,P002,Cooking Oil 1L,Groceries,4,12.5,50.0,Cash,C3093
S002-20260106-0170,2026-01-06 12:53:15,S002,P009,Spaghetti 500g,Groceries,4,2.5,10.0,Cash,C1781
S002-20260105-0171,2026-01-05 09:58:02,S002,P009,Spaghetti 500g,Groceries,1,2.5,2.5,Card,C7766
S002-20260101-0172,2026-01-01 15:42:46,S002,P010,Detergent 1kg,Household,3,7.0,21.0,Cash,C2339
S002-20260107-0173,2026-01-07 16:01:07,S002,P008,Sugar 1kg,Groceries,2,3.5,7.0,Transfer,C7438
S002-20260101-0174,2026-01-01 09:26:56,S002,P005,Eggs (12 pack),Dairy,3,6.5,19.5,Card,C8454
S002-20260107-0175,2026-01-07 18:28:39,S002,P005,Eggs (12 pack),Dairy,3,6.5,19.5,Transfer,C4066
S002-20260102-0176,2026-01-02 10:05:47,S002,P010,Detergent 1kg,Household,3,7.0,21.0,Transfer,C2742
S002-20260104-0177,2026-01-04 16:01:00,S002,P007,Chicken (1kg),Meat,1,8.5,8.5,Cash,C8817
S002-20260104-0178,2026-01-04 19:25:55,S002,P010,Detergent 1kg,Household,4,7.0,28.0,Cash,C6910
S002-20260106-0179,2026-01-06 18:44:43,S002,P007,Chicken (1kg),Meat,3,8.5,25.5,Cash,C3213
S002-20260101-0180,2026-01-01 11:07:52,S002,P001,Rice 5kg,Groceries,2,25.0,50.0,Transfer,C4428
S002-20260104-0181,2026-01-04 18:09:41,S002,P004,Bread Loaf,Bakery,4,3.0,12.0,Transfer,C9824
S002-20260102-0182,2026-01-02 09:19:49,S002,P008,Sugar 1kg,Groceries,2,3.5,7.0,Card,C1357
S002-20260101-0183,2026-01-01 10:57:09,S002,P008,Sugar 1kg,Groceries,4,3.5,14.0,Card,C8364
S002-20260105-0184,2026-01-05 11:12:18,S002,P010,Detergent 1kg,Household,4,7.0,28.0,Cash,C1129
S002-20260101-0185,2026-01-01 18:54:45,S002,P007,Chicken (1kg),Meat,4,8.5,34.0,Transfer,C5764
S002-20260101-0186,2026-01-01 15:25:31,S002,P009,Spaghetti 500g,Groceries,5,2.5,12.5,Card,C8993
S002-20260102-0187,2026-01-02 19:03:33,S002,P001,Rice 5kg,Groceries,4,25.0,100.0,Card,C2040
S002-20260103-0188,2026-01-03 18:26:56,S002,P008,Sugar 1kg,Groceries,1,3.5,3.5,Card,C6681
S002-20260104-0189,2026-01-04 19:27:01,S002,P003,Milk 1L,Dairy,3,4.0,12.0,Card,C8688
S002-20260103-0190,2026-01-03 15:14:32,S002,P004,Bread Loaf,Bakery,5,3.0,15.0,Transfer,C6556
S002-20260105-0191,2026-01-05 21:53:45,S002,P008,Sugar 1kg,Groceries,2,3.5,7.0,Transfer,C7395
S002-20260104-0192,2026-01-04 21:43:41,S002,P006,Soft Drink 50cl,Beverages,4,2.0,8.0,Transfer,C3654
S002-20260105-0193,2026-01-05 11:18:44,S002,P002,Cooking Oil 1L,Groceries,4,12.5,50.0,Cash,C4268
S002-20260102-0194,2026-01-02 17:31:06,S002,P007,Chicken (1kg),Meat,4,8.5,34.0,Cash,C4431
S002-20260105-0195,2026-01-05 08:01:22,S002,P005,Eggs (12 pack),Dairy,3,6.5,19.5,Card,C3862
S002-20260107-0196,2026-01-07 21:57:32,S002,P001,Rice 5kg,Groceries,1,25.0,25.0,Cash,C2867
S002-20260105-0197,2026-01-05 11:07:35,S002,P004,Bread Loaf,Bakery,4,3.0,12.0,Cash,C6575
S002-20260107-0198,2026-01-07 13:49:02,S002,P009,Spaghetti 500g,Groceries,3,2.5,7.5,Transfer,C9444
S002-20260105-0199,2026-01-05 18:06:45,S002,P001,Rice 5kg,Groceries,4,25.0,100.0,Transfer,C2817
S002-20260101-0200,2026-01-01 20:39:39,S002,P002,Cooking Oil 1L,Groceries,5,12.5,62.5,Cash,C2727
S002-20260102-0201,2026-01-02 18:07:55,S002,P004,Bread Loaf,Bakery,3,3.0,9.0,Cash,C5786
S002-20260106-0202,2026-01-06 15:48:32,S002,P008,Sugar 1kg,Groceries,1,3.5,3.5,Cash,C6959
S002-20260103-0203,2026-01-03 21:08:07,S002,P004,Bread Loaf,Bakery,4,3.0,12.0,Transfer,C1107
S002-20260102-0204,2026-01-02 21:51:30,S002,P006,Soft Drink 50cl,Beverages,3,2.0,6.0,Card,C2396
S002-20260103-0205,2026-01-03 13:45:48,S002,P007,Chicken (1kg),Meat,3,8.5,25.5,Card,C5021
S002-20260102-0206,2026-01-02 20:48:33,S002,P007,Chicken (1kg),Meat,2,8.5,17.0,Cash,C8025
S002-20260104-0207,2026-01-04 14:57:29,S002,P009,Spaghetti 500g,Groceries,3,2.5,7.5,Transfer,C8251
S002-20260102-0208,2026-01-02 20:00:45,S002,P009,Spaghetti 500g,Groceries,1,2.5,2.5,Cash,C6157
S002-20260104-0209,2026-01-04 20:10:27,S002,P001,Rice 5kg,Groceries,4,25.0,100.0,Transfer,C3473
S002-20260105-0210,2026-01-05 08:40:45,S002,P009,Spaghetti 500g,Groceries,3,2.5,7.5,Card,C5986
S002-20260106-0211,2026-01-06 19:20:58,S002,P006,Soft Drink 50cl,Beverages,1,2.0,2.0,Transfer,C9647
S002-20260105-0212,2026-01-05 10:44:25,S002,P008,Sugar 1kg,Groceries,2,3.5,7.0,Transfer,C8244
S002-20260106-0213,2026-01-06 13:56:51,S002,P007,Chicken (1kg),Meat,2,8.5,17.0,Transfer,C2380
S002-20260101-0214,2026-01-01 16:21:24,S002,P003,Milk 1L,Dairy,5,4.0,20.0,Transfer,C5651
S002-20260102-0215,2026-01-02 09:32:35,S002,P005,Eggs (12 pack),Dairy,5,6.5,32.5,Cash,C3621
S002-20260101-0216,2026-01-01 08:56:50,S002,P009,Spaghetti 500g,Groceries,5,2.5,12.5,Cash,C5979
S002-20260106-0217,2026-01-06 14:32:07,S002,P001,Rice 5kg,Groceries,3,25.0,75.0,Cash,C9314
S002-20260103-0218,2026-01-03 09:03:48,S002,P002,Cooking Oil 1L,Groceries,4,12.5,50.0,Cash,C1085
S002-20260104-0219,2026-01-04 13:15:51,S002,P010,Detergent 1kg,Household,5,7.0,35.0,Card,C9737
S002-20260107-0220,2026-01-07 17:14:22,S002,P005,Eggs (12 pack),Dairy,3,6.5,19.5,Card,C3293
S002-20260106-0221,2026-01-06 14:33:47,S002,P004,Bread Loaf,Bakery,1,3.0,3.0,Cash,C4154
S002-20260107-0222,2026-01-07 20:23:29,S002,P002,Cooking Oil 1L,Groceries,2,12.5,25.0,Card,C7751
S002-20260101-0223,2026-01-01 09:03:27,S002,P003,Milk 1L,Dairy,4,4.0,16.0,Cash,C2279
S002-20260103-0224,2026-01-03 18:33:25,S002,P010,Detergent 1kg,Household,5,7.0,35.0,Card,C7468
S002-20260107-0225,2026-01-07 12:37:31,S002,P007,Chicken (1kg),Meat,4,8.5,34.0,Card,C9020
S002-20260106-0226,2026-01-06 14:52:10,S002,P003,Milk 1L,Dairy,5,4.0,20.0,Cash,C8499
S002-20260102-0227,2026-01-02 19:32:55,S002,P009,Spaghetti 500g,Groceries,1,2.5,2.5,Card,C8461
S002-20260104-0228,2026-01-04 08:47:10,S002,P009,Spaghetti 500g,Groceries,3,2.5,7.5,Transfer,C2945
S002-20260105-0229,2026-01-05 21:26:07,S002,P002,Cooking Oil 1L,Groceries,3,12.5,37.5,Card,C1659
S002-20260105-0230,2026-01-05 10:07:23,S002,P005,Eggs (12 pack),Dairy,3,6.5,19.5,Cash,C8961
S002-20260101-0231,2026-01-01 20:09:09,S002,P010,Detergent 1kg,Household,4,7.0,28.0,Cash,C5999
S002-20260103-0232,2026-01-03 11:11:52,S002,P008,Sugar 1kg,Groceries,1,3.5,3.5,Cash,C6712
S002-20260101-0233,2026-01-01 21:02:26,S002,P008,Sugar 1kg,Groceries,5,3.5,17.5,Cash,C8411
S002-20260103-0234,2026-01-03 20:24:30,S002,P010,Detergent 1kg,Household,2,7.0,14.0,Transfer,C9270
S002-20260106-0235,2026-01-06 15:48:28,S002,P008,Sugar 1kg,Groceries,2,3.5,7.0,Transfer,C6328
S002-20260101-0236,2026-01-01 20:39:42,S002,P010,Detergent 1kg,Household,4,7.0,28.0,Cash,C7478
S002-20260103-0237,2026-01-03 16:02:42,S002,P008,Sugar 1kg,Groceries,3,3.5,10.5,Card,C3713
S002-20260106-0238,2026-01-06 08:36:40,S002,P005,Eggs (12 pack),Dairy,5,6.5,32.5,Card,C2395
S002-20260102-0239,2026-01-02 17:34:36,S002,P001,Rice 5kg,Groceries,5,25.0,125.0,Card,C8796
S002-20260105-0240,2026-01-05 08:07:42,S002,P009,Spaghetti 500g,Groceries,2,2.5,5.0,Transfer,C5504
S002-20260107-0241,2026-01-07 11:15:53,S002,P010,Detergent 1kg,Household,4,7.0,28.0,Cash,C9741
S002-20260105-0242,2026-01-05 13:25:37,S002,P001,Rice 5kg,Groceries,4,25.0,100.0,Transfer,C1381
S002-20260103-0243,2026-01-03 14:11:26,S002,P001,Rice 5kg,Groceries,5,25.0,125.0,Cash,C5213
S002-20260101-0244,2026-01-01 09:06:34,S002,P003,Milk 1L,Dairy,3,4.0,12.0,Cash,C5187
S002-20260107-0245,2026-01-07 09:09:19,S002,P007,Chicken (1kg),Meat,2,8.5,17.0,Cash,C6329
S002-20260102-0246,2026-01-02 08:45:03,S002,P005,Eggs (12 pack),Dairy,4,6.5,26.0,Cash,C3334
S002-20260104-0247,2026-01-04 13:16:24,S002,P002,Cooking Oil 1L,Groceries,1,12.5,12.5,Cash,C4874
S002-20260104-0248,2026-01-04 16:48:32,S002,P007,Chicken (1kg),Meat,1,8.5,8.5,Cash,C6215
S002-20260104-0249,2026-01-04 16:26:04,S002,P008,Sugar 1kg,Groceries,1,3.5,3.5,Card,C4829
S002-20260101-0250,2026-01-01 12:35:37,S002,P002,Cooking Oil 1L,Groceries,2,12.5,25.0,Transfer,C3057
S002-20260103-0251,2026-01-03 17:26:28,S002,P002,Cooking Oil 1L,Groceries,5,12.5,62.5,Cash,C3332
S002-20260103-0252,2026-01-03 16:10:50,S002,P004,Bread Loaf,Bakery,5,3.0,15.0,Transfer,C8401
S002-20260101-0253,2026-01-01 08:52:29,S002,P010,Detergent 1kg,Household,3,7.0,21.0,Card,C3742
S002-20260101-0254,2026-01-01 08:59:58,S002,P008,Sugar 1kg,Groceries,3,3.5,10.5,Card,C7228
S002-20260103-0255,2026-01-03 21:40:13,S002,P010,Detergent 1kg,Household,5,7.0,35.0,Cash,C3644
S002-20260106-0256,2026-01-06 16:36:04,S002,P005,Eggs (12 pack),Dairy,1,6.5,6.5,Cash,C3014
S002-20260107-0257,2026-01-07 10:46:35,S002,P005,Eggs (12 pack),Dairy,4,6.5,26.0,Cash,C9270
S002-20260107-0258,2026-01-07 13:56:43,S002,P006,Soft Drink 50cl,Beverages,3,2.0,6.0,Transfer,C8417
S002-20260103-0259,2026-01-03 11:42:20,S002,P006,Soft Drink 50cl,Beverages,2,2.0,4.0,Card,C6381
S002-20260101-0260,2026-01-01 19:08:41,S002,P001,Rice 5kg,Groceries,5,25.0,125.0,Card,C1156
S002-20260106-0261,2026-01-06 10:26:35,S002,P008,Sugar 1kg,Groceries,4,3.5,14.0,Card,C2270
S002-20260105-0262,2026-01-05 08:57:53,S002,P008,Sugar 1kg,Groceries,1,3.5,3.5,Cash,C7166
S002-20260107-0263,2026-01-07 17:22:24,S002,P003,Milk 1L,Dairy,1,4.0,4.0,Cash,C7069
S002-20260102-0264,2026-01-02 15:00:14,S002,P001,Rice 5kg,Groceries,3,25.0,75.0,Card,C6862
S002-20260102-0265,2026-01-02 09:52:39,S002,P005,Eggs (12 pack),Dairy,2,6.5,13.0,Cash,C9090
S002-20260103-0266,2026-01-03 08:17:31,S002,P010,Detergent 1kg,Household,2,7.0,14.0,Cash,C7489
S002-20260101-0267,2026-01-01 21:17:36,S002,P009,Spaghetti 500g,Groceries,4,2.5,10.0,Cash,C4174
S002-20260106-0268,2026-01-06 19:36:43,S002,P010,Detergent 1kg,Household,5,7.0,35.0,Cash,C3101
S002-20260106-0269,2026-01-06 09:08:16,S002,P010,Detergent 1kg,Household,2,7.0,14.0,Transfer,C5494
S002-20260102-0270,2026-01-02 21:43:01,S002,P009,Spaghetti 500g,Groceries,5,2.5,12.5,Cash,C8437
S002-20260101-0271,2026-01-01 14:41:43,S002,P001,Rice 5kg,Groceries,3,25.0,75.0,Card,C7666
S002-20260103-0272,2026-01-03 09:43:33,S002,P008,Sugar 1kg,Groceries,4,3.5,14.0,Cash,C1712
S002-20260106-0273,2026-01-06 11:03:17,S002,P007,Chicken (1kg),Meat,5,8.5,42.5,Card,C1084
S002-20260104-0274,2026-01-04 11:21:05,S002,P010,Detergent 1kg,Household,1,7.0,7.0,Transfer,C4696
S002-20260106-0275,2026-01-06 14:04:58,S002,P004,Bread Loaf,Bakery,2,3.0,6.0,Cash,C6092
S002-20260101-0276,2026-01-01 18:40:06,S002,P001,Rice 5kg,Groceries,4,25.0,100.0,Card,C1393
S002-20260105-0277,2026-01-05 20:40:59,S002,P006,Soft Drink 50cl,Beverages,3,2.0,6.0,Cash,C8759
S002-20260102-0278,2026-01-02 13:53:03,S002,P006,Soft Drink 50cl,Beverages,5,2.0,10.0,Transfer,C2194
S002-20260107-0279,2026-01-07 17:39:28,S002,P002,Cooking Oil 1L,Groceries,4,12.5,50.0,Card,C2401
S002-20260101-0280,2026-01-01 08:24:20,S002,P002,Cooking Oil 1L,Groceries,2,12.5,25.0,Cash,C8240
S002-20260101-0281,2026-01-01 12:39:40,S002,P007,Chicken (1kg),Meat,1,8.5,8.5,Cash,C1914
S002-20260105-0282,2026-01-05 08:18:54,S002,P007,Chicken (1kg),Meat,4,8.5,34.0,Cash,C7735
S002-20260102-0283,2026-01-02 21:38:50,S002,P010,Detergent 1kg,Household,1,7.0,7.0,Card,C8605
S002-20260107-0284,2026-01-07 14:56:39,S002,P010,Detergent 1kg,Household,1,7.0,7.0,Cash,C1425
S002-20260104-0285,2026-01-04 16:21:37,S002,P004,Bread Loaf,Bakery,1,3.0,3.0,Cash,C2106
S002-20260105-0286,2026-01-05 20:53:12,S002,P010,Detergent 1kg,Household,2,7.0,14.0,Card,C5198
S002-20260103-0287,2026-01-03 14:30:46,S002,P010,Detergent 1kg,Household,4,7.0,28.0,Cash,C3255
S002-20260107-0288,2026-01-07 08:03:08,S002,P005,Eggs (12 pack),Dairy,5,6.5,32.5,Card,C6861
S002-20260103-0289,2026-01-03 17:56:34,S002,P003,Milk 1L,Dairy,2,4.0,8.0,Card,C6618
S002-20260103-0290,2026-01-03 13:00:33,S002,P010,Detergent 1kg,Household,2,7.0,14.0,Cash,C9308
S002-20260107-0291,2026-01-07 21:35:54,S002,P001,Rice 5kg,Groceries,4,25.0,100.0,Cash,C4282
S002-20260106-0292,2026-01-06 11:50:04,S002,P006,Soft Drink 50cl,Beverages,2,2.0,4.0,Card,C8657
S002-20260105-0293,2026-01-05 19:21:54,S002,P010,Detergent 1kg,Household,5,7.0,35.0,Transfer,C5909
S002-20260104-0294,2026-01-04 13:10:06,S002,P008,Sugar 1kg,Groceries,1,3.5,3.5,Card,C1060
S002-20260106-0295,2026-01-06 11:44:14,S002,P008,Sugar 1kg,Groceries,5,3.5,17.5,Cash,C8876
S002-20260106-0296,2026-01-06 20:52:21,S002,P007,Chicken (1kg),Meat,2,8.5,17.0,Card,C1110
S002-20260103-0297,2026-01-03 08:04:22,S002,P001,Rice 5kg,Groceries,5,25.0,125.0,Cash,C5760
S002-20260104-0298,2026-01-04 11:40:37,S002,P006,Soft Drink 50cl,Beverages,1,2.0,2.0,Transfer,C4262
S002-20260102-0299,2026-01-02 12:11:14,S002,P005,Eggs (12 pack),Dairy,2,6.5,13.0,Cash,C5029
S002-20260102-0300,2026-01-02 11:01:11,S002,P005,Eggs (12 pack),Dairy,1,6.5,6.5,Cash,C3248
S002-20260104-0301,2026-01-04 18:50:56,S002,P002,Cooking Oil 1L,Groceries,3,12.5,37.5,Transfer,C5998
S002-20260104-0302,2026-01-04 11:23:51,S002,P006,Soft Drink 50cl,Beverages,2,2.0,4.0,Transfer,C8106
S002-20260106-0303,2026-01-06 09:07:09,S002,P003,Milk 1L,Dairy,2,4.0,8.0,Cash,C7196
S002-20260106-0304,2026-01-06 13:20:38,S002,P007,Chicken (1kg),Meat,2,8.5,17.0,Transfer,C4098
S002-20260107-0305,2026-01-07 16:18:50,S002,P003,Milk 1L,Dairy,3,4.0,12.0,Cash,C5588
S002-20260107-0306,2026-01-07 10:54:32,S002,P010,Detergent 1kg,Household,4,7.0,28.0,Cash,C2333
S002-20260107-0307,2026-01-07 15:50:42,S002,P010,Detergent 1kg,Household,1,7.0,7.0,Cash,C7358
S002-20260107-0308,2026-01-07 18:48:32,S002,P006,Soft Drink 50cl,Beverages,4,2.0,8.0,Card,C3932
S002-20260103-0309,2026-01-03 19:23:33,S002,P008,Sugar 1kg,Groceries,4,3.5,14.0,Card,C7569
S002-20260106-0310,2026-01-06 20:37:41,S002,P001,Rice 5kg,Groceries,2,25.0,50.0,Cash,C4325
S002-20260104-0311,2026-01-04 21:15:25,S002,P004,Bread Loaf,Bakery,3,3.0,9.0,Card,C7178
S002-20260105-0312,2026-01-05 10:59:53,S002,P006,Soft Drink 50cl,Beverages,3,2.0,6.0,Card,C3200
S002-20260107-0313,2026-01-07 09:18:28,S002,P009,Spaghetti 500g,Groceries,3,2.5,7.5,Cash,C1674
S002-20260104-0314,2026-01-04 16:39:21,S002,P007,Chicken (1kg),Meat,4,8.5,34.0,Card,C7700
S002-20260103-0315,2026-01-03 20:31:20,S002,P005,Eggs (12 pack),Dairy,4,6.5,26.0,Cash,C8236
S002-20260102-0316,2026-01-02 12:41:04,S002,P006,Soft Drink 50cl,Beverages,1,2.0,2.0,Cash,C9220
S002-20260105-0317,2026-01-05 16:41:05,S002,P005,Eggs (12 pack),Dairy,2,6.5,13.0,Cash,C2168
S002-20260103-0318,2026-01-03 08:34:12,S002,P006,Soft Drink 50cl,Beverages,2,2.0,4.0,Card,C5096
S002-20260103-0319,2026-01-03 19:52:49,S002,P005,Eggs (12 pack),Dairy,2,6.5,13.0,Card,C3258
S002-20260107-0320,2026-01-07 20:45:47,S002,P009,Spaghetti 500g,Groceries,3,2.5,7.5,Cash,C5906
S002-20260103-0321,2026-01-03 21:22:50,S002,P007,Chicken (1kg),Meat,4,8.5,34.0,Transfer,C1194
S002-20260104-0322,2026-01-04 18:32:48,S002,P003,Milk 1L,Dairy,4,4.0,16.0,Cash,C4438
S002-20260104-0323,2026-01-04 11:33:37,S002,P009,Spaghetti 500g,Groceries,4,2.5,10.0,Card,C8559
S002-20260103-0324,2026-01-03 20:05:20,S002,P004,Bread Loaf,Bakery,4,3.0,12.0,Transfer,C7843
S002-20260102-0325,2026-01-02 15:28:54,S002,P009,Spaghetti 500g,Groceries,1,2.5,2.5,Cash,C3102
S002-20260103-0326,2026-01-03 19:00:31,S002,P006,Soft Drink 50cl,Beverages,3,2.0,6.0,Cash,C7974
S002-20260106-0327,2026-01-06 20:25:48,S002,P009,Spaghetti 500g,Groceries,3,2.5,7.5,Cash,C1380
S002-20260105-0328,2026-01-05 20:02:59,S002,P003,Milk 1L,Dairy,2,4.0,8.0,Transfer,C6410
S002-20260105-0329,2026-01-05 18:51:38,S002,P010,Detergent 1kg,Household,5,7.0,35.0,Transfer,C7247
S002-20260102-0330,2026-01-02 14:04:34,S002,P007,Chicken (1kg),Meat,2,8.5,17.0,Card,C6387
S002-20260105-0331,2026-01-05 15:40:57,S002,P005,Eggs (12 pack),Dairy,1,6.5,6.5,Cash,C3910
S002-20260101-0332,2026-01-01 21:44:38,S002,P008,Sugar 1kg,Groceries,1,3.5,3.5,Cash,C2138
S002-20260104-0333,2026-01-04 12:13:14,S002,P005,Eggs (12 pack),Dairy,5,6.5,32.5,Cash,C1941
S002-20260103-0334,2026-01-03 16:00:10,S002,P006,Soft Drink 50cl,Beverages,4,2.0,8.0,Cash,C2814
S002-20260102-0335,2026-01-02 16:26:30,S002,P002,Cooking Oil 1L,Groceries,4,12.5,50.0,Transfer,C4382
S002-20260102-0336,2026-01-02 21:13:19,S002,P007,Chicken (1kg),Meat,4,8.5,34.0,Cash,C6084
S002-20260105-0337,2026-01-05 11:32:45,S002,P008,Sugar 1kg,Groceries,3,3.5,10.5,Cash,C3337
S002-20260104-0338,2026-01-04 09:52:25,S002,P010,Detergent 1kg,Household,2,7.0,14.0,Card,C9043
S002-20260104-0339,2026-01-04 15:36:02,S002,P002,Cooking Oil 1L,Groceries,3,12.5,37.5,Card,C8476
S002-20260103-0340,2026-01-03 19:53:45,S002,P005,Eggs (12 pack),Dairy,4,6.5,26.0,Card,C3869
S002-20260104-0341,2026-01-04 11:11:57,S002,P010,Detergent 1kg,Household,4,7.0,28.0,Card,C4005
S002-20260106-0342,2026-01-06 17:06:25,S002,P001,Rice 5kg,Groceries,2,25.0,50.0,Transfer,C3587
S002-20260103-0343,2026-01-03 18:34:18,S002,P002,Cooking Oil 1L,Groceries,2,12.5,25.0,Transfer,C7738
S002-20260107-0344,2026-01-07 16:07:23,S002,P002,Cooking Oil 1L,Groceries,1,12.5,12.5,Card,C6341
S002-20260104-0345,2026-01-04 15:10:16,S002,P004,Bread Loaf,Bakery,5,3.0,15.0,Cash,C1437
S002-20260101-0346,2026-01-01 18:44:43,S002,P008,Sugar 1kg,Groceries,4,3.5,14.0,Cash,C7542
S002-20260107-0347,2026-01-07 11:25:02,S002,P001,Rice 5kg,Groceries,3,25.0,75.0,Cash,C3236
S002-20260103-0348,2026-01-03 18:47:29,S002,P008,Sugar 1kg,Groceries,4,3.5,14.0,Cash,C9985
S002-20260106-0349,2026-01-06 11:45:28,S002,P003,Milk 1L,Dairy,4,4.0,16.0,Transfer,C3643
S002-20260102-0350,2026-01-02 21:01:38,S002,P002,Cooking Oil 1L,Groceries,2,12.5,25.0,Cash,C9759
S002-20260106-0351,2026-01-06 14:10:04,S002,P001,Rice 5kg,Groceries,3,25.0,75.0,Cash,C6866
S002-20260102-0352,2026-01-02 11:45:02,S002,P009,Spaghetti 500g,Groceries,2,2.5,5.0,Card,C1782
S002-20260107-0353,2026-01-07 18:51:33,S002,P002,Cooking Oil 1L,Groceries,4,12.5,50.0,Card,C8274
S002-20260101-0354,2026-01-01 17:00:03,S002,P007,Chicken (1kg),Meat,2,8.5,17.0,Transfer,C7138
S002-20260102-0355,2026-01-02 11:05:01,S002,P007,Chicken (1kg),Meat,1,8.5,8.5,Transfer,C6523
S002-20260107-0356,2026-01-07 11:43:42,S002,P002,Cooking Oil 1L,Groceries,2,12.5,25.0,Transfer,C2582
S002-20260107-0357,2026-01-07 21:53:42,S002,P003,Milk 1L,Dairy,2,4.0,8.0,Cash,C9396
S002-20260101-0358,2026-01-01 21:20:20,S002,P009,Spaghetti 500g,Groceries,2,2.5,5.0,Card,C9875
S002-20260104-0359,2026-01-04 14:07:14,S002,P004,Bread Loaf,Bakery,1,3.0,3.0,Cash,C3844
S002-20260101-0360,2026-01-01 14:41:20,S002,P001,Rice 5kg,Groceries,4,25.0,100.0,Cash,C4606
S002-20260101-0361,2026-01-01 18:52:17,S002,P010,Detergent 1kg,Household,3,7.0,21.0,Cash,C4580
S002-20260104-0362,2026-01-04 12:49:38,S002,P008,Sugar 1kg,Groceries,1,3.5,3.5,Card,C3809
S002-20260103-0363,2026-01-03 09:38:20,S002,P007,Chicken (1kg),Meat,2,8.5,17.0,Cash,C6209
S002-20260107-0364,2026-01-07 18:30:04,S002,P006,Soft Drink 50cl,Beverages,1,2.0,2.0,Card,C8354
S002-20260104-0365,2026-01-04 16:40:47,S002,P004,Bread Loaf,Bakery,5,3.0,15.0,Card,C1217
S002-20260102-0366,2026-01-02 08:39:48,S002,P002,Cooking Oil 1L,Groceries,3,12.5,37.5,Cash,C8020
S002-20260107-0367,2026-01-07 11:39:05,S002,P001,Rice 5kg,Groceries,2,25.0,50.0,Cash,C5859
S002-20260102-0368,2026-01-02 10:24:13,S002,P001,Rice 5kg,Groceries,2,25.0,50.0,Transfer,C8270
S002-20260106-0369,2026-01-06 13:08:17,S002,P006,Soft Drink 50cl,Beverages,1,2.0,2.0,Card,C7797
S002-20260106-0370,2026-01-06 21:18:48,S002,P001,Rice 5kg,Groceries,2,25.0,50.0,Transfer,C6427
S002-20260103-0371,2026-01-03 11:13:34,S002,P001,Rice 5kg,Groceries,2,25.0,50.0,Transfer,C4644
S002-20260105-0372,2026-01-05 21:24:33,S002,P006,Soft Drink 50cl,Beverages,2,2.0,4.0,Card,C1099
S002-20260101-0373,2026-01-01 21:31:04,S002,P004,Bread Loaf,Bakery,1,3.0,3.0,Card,C3318
S002-20260102-0374,2026-01-02 10:05:11,S002,P010,Detergent 1kg,Household,5,7.0,35.0,Transfer,C4348
S002-20260102-0375,2026-01-02 16:05:27,S002,P008,Sugar 1kg,Groceries,3,3.5,10.5,Cash,C4236
S002-20260102-0376,2026-01-02 14:11:38,S002,P004,Bread Loaf,Bakery,3,3.0,9.0,Cash,C8344
S002-20260106-0377,2026-01-06 11:17:55,S002,P008,Sugar 1kg,Groceries,1,3.5,3.5,Transfer,C6891
S002-20260104-0378,2026-01-04 14:10:30,S002,P008,Sugar 1kg,Groceries,4,3.5,14.0,Card,C8101
S002-20260107-0379,2026-01-07 10:52:50,S002,P008,Sugar 1kg,Groceries,1,3.5,3.5,Transfer,C8002
S002-20260107-0380,2026-01-07 09:48:58,S002,P005,Eggs (12 pack),Dairy,5,6.5,32.5,Card,C3878
S002-20260103-0381,2026-01-03 14:29:19,S002,P008,Sugar 1kg,Groceries,3,3.5,10.5,Cash,C8878
S002-20260101-0382,2026-01-01 13:08:45,S002,P008,Sugar 1kg,Groceries,2,3.5,7.0,Cash,C4106
S002-20260101-0383,2026-01-01 08:55:32,S002,P006,Soft Drink 50cl,Beverages,4,2.0,8.0,Card,C7812
S002-20260104-0384,2026-01-04 19:23:24,S002,P008,Sugar 1kg,Groceries,3,3.5,10.5,Card,C2167
S002-20260104-0385,2026-01-04 08:58:07,S002,P007,Chicken (1kg),Meat,5,8.5,42.5,Cash,C8148
S002-20260103-0386,2026-01-03 20:58:48,S002,P006,Soft Drink 50cl,Beverages,5,2.0,10.0,Card,C7032
S002-20260106-0387,2026-01-06 08:41:24,S002,P007,Chicken (1kg),Meat,2,8.5,17.0,Cash,C1565
S002-20260107-0388,2026-01-07 13:40:45,S002,P001,Rice 5kg,Groceries,2,25.0,50.0,Cash,C8462
S002-20260106-0389,2026-01-06 10:16:15,S002,P010,Detergent 1kg,Household,5,7.0,35.0,Transfer,C3644
S002-20260101-0390,2026-01-01 09:49:05,S002,P007,Chicken (1kg),Meat,4,8.5,34.0,Card,C2316
S002-20260105-0391,2026-01-05 11:56:27,S002,P003,Milk 1L,Dairy,4,4.0,16.0,Cash,C5951
S002-20260105-0392,2026-01-05 16:42:56,S002,P007,Chicken (1kg),Meat,5,8.5,42.5,Cash,C7743
S002-20260107-0393,2026-01-07 19:55:05,S002,P002,Cooking Oil 1L,Groceries,5,12.5,62.5,Transfer,C6642
S002-20260107-0394,2026-01-07 10:17:47,S002,P004,Bread Loaf,Bakery,4,3.0,12.0,Card,C1105
S002-20260102-0395,2026-01-02 21:31:00,S002,P002,Cooking Oil 1L,Groceries,1,12.5,12.5,Transfer,C7845
S002-20260105-0396,2026-01-05 14:41:18,S002,P007,Chicken (1kg),Meat,2,8.5,17.0,Cash,C4053
S002-20260106-0397,2026-01-06 10:12:31,S002,P003,Milk 1L,Dairy,5,4.0,20.0,Transfer,C8383
S002-20260105-0398,2026-01-05 21:13:11,S002,P004,Bread Loaf,Bakery,1,3.0,3.0,Card,C4143
S002-20260103-0399,2026-01-03 21:26:28,S002,P010,Detergent 1kg,Household,1,7.0,7.0,Transfer,C3721
S002-20260101-0400,2026-01-01 12:05:24,S002,P002,Cooking Oil 1L,Groceries,3,12.5,37.5,Cash,C1486
S002-20260105-0401,2026-01-05 11:30:31,S002,P002,Cooking Oil 1L,Groceries,1,12.5,12.5,Cash,C1118
S002-20260106-0402,2026-01-06 17:50:02,S002,P002,Cooking Oil 1L,Groceries,2,12.5,25.0,Card,C1118
S002-20260104-0403,2026-01-04 17:33:48,S002,P005,Eggs (12 pack),Dairy,4,6.5,26.0,Card,C6521
S002-20260105-0404,2026-01-05 14:21:23,S002,P006,Soft Drink 50cl,Beverages,3,2.0,6.0,Transfer,C6918
S002-20260106-0405,2026-01-06 14:24:39,S002,P001,Rice 5kg,Groceries,3,25.0,75.0,Transfer,C2641
S002-20260101-0406,2026-01-01 15:55:44,S002,P007,Chicken (1kg),Meat,2,8.5,17.0,Cash,C3013
S002-20260107-0407,2026-01-07 16:17:44,S002,P004,Bread Loaf,Bakery,3,3.0,9.0,Card,C8785
S002-20260105-0408,2026-01-05 14:42:12,S002,P001,Rice 5kg,Groceries,3,25.0,75.0,Cash,C6901
S002-20260107-0409,2026-01-07 08:51:47,S002,P006,Soft Drink 50cl,Beverages,4,2.0,8.0,Cash,C8938
S002-20260104-0410,2026-01-04 19:39:50,S002,P002,Cooking Oil 1L,Groceries,3,12.5,37.5,Card,C8800
S002-20260106-0411,2026-01-06 21:44:57,S002,P002,Cooking Oil 1L,Groceries,4,12.5,50.0,Cash,C4196
S002-20260106-0412,2026-01-06 10:55:33,S002,P010,Detergent 1kg,Household,5,7.0,35.0,Cash,C9158
S002-20260107-0413,2026-01-07 09:19:53,S002,P009,Spaghetti 500g,Groceries,4,2.5,10.0,Cash,C8311
S002-20260101-0414,2026-01-01 15:42:34,S002,P004,Bread Loaf,Bakery,2,3.0,6.0,Cash,C2465
S002-20260101-0415,2026-01-01 14:45:01,S002,P003,Milk 1L,Dairy,3,4.0,12.0,Transfer,C5593
S002-20260102-0416,2026-01-02 19:16:42,S002,P008,Sugar 1kg,Groceries,1,3.5,3.5,Card,C9757
S002-20260106-0417,2026-01-06 19:31:05,S002,P006,Soft Drink 50cl,Beverages,2,2.0,4.0,Transfer,C2059
S002-20260106-0418,2026-01-06 13:24:58,S002,P007,Chicken (1kg),Meat,5,8.5,42.5,Transfer,C8159
S002-20260107-0419,2026-01-07 11:14:16,S002,P002,Cooking Oil 1L,Groceries,3,12.5,37.5,Cash,C2460
S002-20260103-0420,2026-01-03 19:37:59,S002,P004,Bread Loaf,Bakery,1,3.0,3.0,Card,C3087
S002-20260107-0421,2026-01-07 13:24:36,S002,P001,Rice 5kg,Groceries,3,25.0,75.0,Cash,C9775
S002-20260102-0422,2026-01-02 21:24:27,S002,P006,Soft Drink 50cl,Beverages,3,2.0,6.0,Transfer,C3069
S002-20260105-0423,2026-01-05 18:38:37,S002,P004,Bread Loaf,Bakery,1,3.0,3.0,Cash,C9819
S002-20260107-0424,2026-01-07 15:20:09,S002,P005,Eggs (12 pack),Dairy,2,6.5,13.0,Card,C8467
S002-20260102-0425,2026-01-02 17:18:09,S002,P001,Rice 5kg,Groceries,5,25.0,125.0,Cash,C9230
S002-20260106-0426,2026-01-06 09:17:54,S002,P010,Detergent 1kg,Household,4,7.0,28.0,Card,C4534
S002-20260104-0427,2026-01-04 12:45:24,S002,P001,Rice 5kg,Groceries,3,25.0,75.0,Cash,C4450
S002-20260107-0428,2026-01-07 19:59:51,S002,P004,Bread Loaf,Bakery,1,3.0,3.0,Transfer,C3933
S002-20260107-0429,2026-01-07 15:46:25,S002,P005,Eggs (12 pack),Dairy,2,6.5,13.0,Transfer,C9977
S002-20260104-0430,2026-01-04 13:27:43,S002,P008,Sugar 1kg,Groceries,3,3.5,10.5,Transfer,C7407
S002-20260101-0431,2026-01-01 16:46:18,S002,P005,Eggs (12 pack),Dairy,2,6.5,13.0,Card,C9978
S002-20260104-0432,2026-01-04 09:08:20,S002,P010,Detergent 1kg,Household,1,7.0,7.0,Transfer,C5981
S002-20260104-0433,2026-01-04 18:10:36,S002,P003,Milk 1L,Dairy,4,4.0,16.0,Card,C5769
S002-20260102-0434,2026-01-02 11:13:51,S002,P004,Bread Loaf,Bakery,1,3.0,3.0,Cash,C2670
S002-20260106-0435,2026-01-06 20:54:09,S002,P007,Chicken (1kg),Meat,4,8.5,34.0,Card,C3756
S002-20260101-0436,2026-01-01 09:22:30,S002,P003,Milk 1L,Dairy,1,4.0,4.0,Cash,C9444
S002-20260106-0437,2026-01-06 13:37:27,S002,P003,Milk 1L,Dairy,4,4.0,16.0,Cash,C2946
S002-20260102-0438,2026-01-02 14:31:19,S002,P010,Detergent 1kg,Household,2,7.0,14.0,Card,C7150
S002-20260107-0439,2026-01-07 19:50:42,S002,P002,Cooking Oil 1L,Groceries,4,12.5,50.0,Transfer,C7260
S002-20260103-0440,2026-01-03 18:41:28,S002,P006,Soft Drink 50cl,Beverages,1,2.0,2.0,Cash,C2353
S002-20260101-0441,2026-01-01 15:41:42,S002,P009,Spaghetti 500g,Groceries,2,2.5,5.0,Cash,C8856
S002-20260103-0442,2026-01-03 19:47:06,S002,P010,Detergent 1kg,Household,2,7.0,14.0,Cash,C8105
S002-20260103-0443,2026-01-03 17:08:06,S002,P006,Soft Drink 50cl,Beverages,1,2.0,2.0,Card,C9806
S002-20260102-0444,2026-01-02 14:52:44,S002,P001,Rice 5kg,Groceries,4,25.0,100.0,Card,C9788
S002-20260107-0445,2026-01-07 20:33:31,S002,P002,Cooking Oil 1L,Groceries,5,12.5,62.5,Transfer,C9830
S002-20260106-0446,2026-01-06 21:50:41,S002,P002,Cooking Oil 1L,Groceries,2,12.5,25.0,Transfer,C2922
S002-20260102-0447,2026-01-02 21:38:44,S002,P003,Milk 1L,Dairy,1,4.0,4.0,Card,C6149
S002-20260101-0448,2026-01-01 08:08:36,S002,P004,Bread Loaf,Bakery,2,3.0,6.0,Cash,C5206
S002-20260107-0449,2026-01-07 20:02:05,S002,P002,Cooking Oil 1L,Groceries,5,12.5,62.5,Cash,C9919
S002-20260102-0450,2026-01-02 14:42:00,S002,P004,Bread Loaf,Bakery,3,3.0,9.0,Cash,C9510
S002-20260107-0451,2026-01-07 12:42:34,S002,P008,Sugar 1kg,Groceries,2,3.5,7.0,Card,C6127
S002-20260105-0452,2026-01-05 13:38:34,S002,P009,Spaghetti 500g,Groceries,2,2.5,5.0,Card,C1732
S002-20260102-0453,2026-01-02 08:12:09,S002,P005,Eggs (12 pack),Dairy,2,6.5,13.0,Transfer,C4539
S002-20260105-0454,2026-01-05 13:17:08,S002,P010,Detergent 1kg,Household,4,7.0,28.0,Cash,C5177
S002-20260103-0455,2026-01-03 14:41:57,S002,P003,Milk 1L,Dairy,4,4.0,16.0,Card,C5164
S002-20260106-0456,2026-01-06 14:44:09,S002,P009,Spaghetti 500g,Groceries,2,2.5,5.0,Cash,C5413
S002-20260106-0457,2026-01-06 19:41:12,S002,P006,Soft Drink 50cl,Beverages,5,2.0,10.0,Card,C9379
S002-20260105-0458,2026-01-05 10:26:52,S002,P003,Milk 1L,Dairy,3,4.0,12.0,Transfer,C8104
S002-20260104-0459,2026-01-04 08:38:15,S002,P002,Cooking Oil 1L,Groceries,3,12.5,37.5,Cash,C2802
S002-20260106-0460,2026-01-06 16:26:04,S002,P006,Soft Drink 50cl,Beverages,1,2.0,2.0,Cash,C6464
S002-20260107-0461,2026-01-07 12:09:55,S002,P004,Bread Loaf,Bakery,3,3.0,9.0,Cash,C7179
S002-20260102-0462,2026-01-02 14:06:50,S002,P002,Cooking Oil 1L,Groceries,2,12.5,25.0,Card,C6022
S002-20260105-0463,2026-01-05 21:51:31,S002,P002,Cooking Oil 1L,Groceries,5,12.5,62.5,Cash,C5620
S002-20260105-0464,2026-01-05 12:38:06,S002,P001,Rice 5kg,Groceries,2,25.0,50.0,Cash,C7382
S002-20260102-0465,2026-01-02 13:51:47,S002,P009,Spaghetti 500g,Groceries,5,2.5,12.5,Card,C7597
S002-20260104-0466,2026-01-04 17:08:16,S002,P001,Rice 5kg,Groceries,5,25.0,125.0,Card,C3070
S002-20260102-0467,2026-01-02 14:36:47,S002,P005,Eggs (12 pack),Dairy,1,6.5,6.5,Transfer,C7064
S002-20260106-0468,2026-01-06 20:15:43,S002,P010,Detergent 1kg,Household,4,7.0,28.0,Card,C3999
S002-20260104-0469,2026-01-04 13:51:29,S002,P009,Spaghetti 500g,Groceries,3,2.5,7.5,Cash,C8008
S002-20260105-0470,2026-01-05 19:56:59,S002,P004,Bread Loaf,Bakery,3,3.0,9.0,Card,C2424
S002-20260103-0471,2026-01-03 14:49:20,S002,P002,Cooking Oil 1L,Groceries,1,12.5,12.5,Cash,C4932
S002-20260101-0472,2026-01-01 10:36:03,S002,P002,Cooking Oil 1L,Groceries,3,12.5,37.5,Card,C9074
S002-20260107-0473,2026-01-07 21:00:27,S002,P009,Spaghetti 500g,Groceries,2,2.5,5.0,Card,C9437
S002-20260106-0474,2026-01-06 18:56:34,S002,P002,Cooking Oil 1L,Groceries,4,12.5,50.0,Cash,C4115
S002-20260107-0475,2026-01-07 19:00:45,S002,P007,Chicken (1kg),Meat,5,8.5,42.5,Card,C5001
S002-20260106-0476,2026-01-06 18:58:52,S002,P009,Spaghetti 500g,Groceries,5,2.5,12.5,Cash,C8350
S002-20260102-0477,2026-01-02 18:59:56,S002,P009,Spaghetti 500g,Groceries,2,2.5,5.0,Cash,C7013
S002-20260107-0478,2026-01-07 10:32:22,S002,P001,Rice 5kg,Groceries,4,25.0,100.0,Card,C3793
S002-20260103-0479,2026-01-03 09:21:58,S002,P004,Bread Loaf,Bakery,5,3.0,15.0,Transfer,C2931
S002-20260103-0480,2026-01-03 12:30:18,S002,P005,Eggs (12 pack),Dairy,2,6.5,13.0,Cash,C7449
S002-20260102-0481,2026-01-02 12:59:59,S002,P009,Spaghetti 500g,Groceries,1,2.5,2.5,Transfer,C8999
S002-20260101-0482,2026-01-01 13:00:39,S002,P008,Sugar 1kg,Groceries,3,3.5,10.5,Cash,C2755
S002-20260101-0483,2026-01-01 13:56:46,S002,P003,Milk 1L,Dairy,4,4.0,16.0,Cash,C2660
S002-20260104-0484,2026-01-04 15:12:05,S002,P009,Spaghetti 500g,Groceries,5,2.5,12.5,Transfer,C7729
S002-20260101-0485,2026-01-01 15:00:09,S002,P005,Eggs (12 pack),Dairy,2,6.5,13.0,Card,C7132
S002-20260103-0486,2026-01-03 13:27:57,S002,P003,Milk 1L,Dairy,5,4.0,20.0,Transfer,C2780
S002-20260104-0487,2026-01-04 18:53:28,S002,P003,Milk 1L,Dairy,2,4.0,8.0,Cash,C8110
S002-20260101-0488,2026-01-01 13:56:55,S002,P004,Bread Loaf,Bakery,1,3.0,3.0,Cash,C1659
S002-20260102-0489,2026-01-02 14:26:47,S002,P006,Soft Drink 50cl,Beverages,1,2.0,2.0,Cash,C4260
S002-20260104-0490,2026-01-04 18:17:07,S002,P007,Chicken (1kg),Meat,4,8.5,34.0,Card,C3087
S002-20260103-0491,2026-01-03 20:48:49,S002,P007,Chicken (1kg),Meat,5,8.5,42.5,Card,C7370
S002-20260102-0492,2026-01-02 09:06:50,S002,P001,Rice 5kg,Groceries,2,25.0,50.0,Cash,C9192
S002-20260101-0493,2026-01-01 20:43:15,S002,P001,Rice 5kg,Groceries,3,25.0,75.0,Card,C1131
S002-20260104-0494,2026-01-04 15:18:18,S002,P008,Sugar 1kg,Groceries,1,3.5,3.5,Transfer,C5059
S002-20260105-0495,2026-01-05 10:46:32,S002,P003,Milk 1L,Dairy,2,4.0,8.0,Cash,C2884
S002-20260107-0496,2026-01-07 12:44:15,S002,P007,Chicken (1kg),Meat,2,8.5,17.0,Card,C2688
S002-20260106-0497,2026-01-06 19:32:39,S002,P003,Milk 1L,Dairy,2,4.0,8.0,Transfer,C3436
S002-20260102-0498,2026-01-02 09:08:25,S002,P001,Rice 5kg,Groceries,3,25.0,75.0,Transfer,C3395
S002-20260104-0499,2026-01-04 08:39:12,S002,P002,Cooking Oil 1L,Groceries,1,12.5,12.5,Cash,C9601
S002-20260103-0500,2026-01-03 19:40:14,S002,P004,Bread Loaf,Bakery,3,3.0,9.0,Card,C2005
S002-20260105-0501,2026-01-05 14:41:03,S002,P005,Eggs (12 pack),Dairy,1,6.5,6.5,Cash,C5596
S002-20260103-0502,2026-01-03 19:26:15,S002,P006,Soft Drink 50cl,Beverages,1,2.0,2.0,Cash,C1008
S002-20260101-0503,2026-01-01 18:47:20,S002,P004,Bread Loaf,Bakery,3,3.0,9.0,Card,C2650
S002-20260104-0504,2026-01-04 10:16:31,S002,P006,Soft Drink 50cl,Beverages,3,2.0,6.0,Cash,C2587
S002-20260106-0505,2026-01-06 08:43:35,S002,P003,Milk 1L,Dairy,3,4.0,12.0,Cash,C6920
S002-20260106-0506,2026-01-06 20:37:33,S002,P010,Detergent 1kg,Household,3,7.0,21.0,Cash,C5521
S002-20260102-0507,2026-01-02 17:24:05,S002,P002,Cooking Oil 1L,Groceries,2,12.5,25.0,Card,C2971
S002-20260101-0508,2026-01-01 17:58:56,S002,P004,Bread Loaf,Bakery,2,3.0,6.0,Card,C2616
S002-20260101-0509,2026-01-01 16:39:21,S002,P005,Eggs (12 pack),Dairy,4,6.5,26.0,Transfer,C4309
S002-20260105-0510,2026-01-05 19:09:02,S002,P003,Milk 1L,Dairy,2,4.0,8.0,Card,C5137
S002-20260107-0511,2026-01-07 21:54:58,S002,P009,Spaghetti 500g,Groceries,3,2.5,7.5,Transfer,C8347
S002-20260106-0512,2026-01-06 19:07:58,S002,P007,Chicken (1kg),Meat,1,8.5,8.5,Card,C9581
S002-20260105-0513,2026-01-05 20:01:10,S002,P010,Detergent 1kg,Household,3,7.0,21.0,Card,C3112
S002-20260103-0514,2026-01-03 08:36:03,S002,P004,Bread Loaf,Bakery,4,3.0,12.0,Card,C9723
S002-20260107-0515,2026-01-07 16:04:10,S002,P008,Sugar 1kg,Groceries,5,3.5,17.5,Cash,C7393
S002-20260104-0516,2026-01-04 17:17:13,S002,P003,Milk 1L,Dairy,1,4.0,4.0,Cash,C4568
S002-20260105-0517,2026-01-05 19:00:56,S002,P009,Spaghetti 500g,Groceries,4,2.5,10.0,Card,C9602
S002-20260103-0518,2026-01-03 12:54:14,S002,P005,Eggs (12 pack),Dairy,3,6.5,19.5,Card,C3803
S002-20260102-0519,2026-01-02 08:34:15,S002,P005,Eggs (12 pack),Dairy,1,6.5,6.5,Card,C5550
S002-20260102-0520,2026-01-02 12:55:50,S002,P001,Rice 5kg,Groceries,2,25.0,50.0,Transfer,C4440
S002-20260105-0521,2026-01-05 09:00:41,S002,P006,Soft Drink 50cl,Beverages,5,2.0,10.0,Transfer,C6317
S002-20260101-0522,2026-01-01 19:56:35,S002,P005,Eggs (12 pack),Dairy,2,6.5,13.0,Card,C5831
S002-20260103-0523,2026-01-03 08:40:52,S002,P001,Rice 5kg,Groceries,3,25.0,75.0,Cash,C5582
S002-20260102-0524,2026-01-02 12:01:34,S002,P010,Detergent 1kg,Household,1,7.0,7.0,Card,C7258
S002-20260106-0525,2026-01-06 12:55:40,S002,P010,Detergent 1kg,Household,5,7.0,35.0,Cash,C8244
S002-20260102-0526,2026-01-02 13:17:13,S002,P010,Detergent 1kg,Household,4,7.0,28.0,Cash,C4796
S002-20260106-0527,2026-01-06 19:27:23,S002,P003,Milk 1L,Dairy,4,4.0,16.0,Cash,C3973
S002-20260104-0528,2026-01-04 10:52:55,S002,P003,Milk 1L,Dairy,2,4.0,8.0,Card,C3955
S002-20260106-0529,2026-01-06 12:01:19,S002,P003,Milk 1L,Dairy,2,4.0,8.0,Transfer,C4077
S002-20260101-0530,2026-01-01 10:04:27,S002,P004,Bread Loaf,Bakery,4,3.0,12.0,Transfer,C7594
S002-20260101-0531,2026-01-01 19:33:08,S002,P001,Rice 5kg,Groceries,5,25.0,125.0,Cash,C7291
S002-20260101-0532,2026-01-01 09:52:00,S002,P001,Rice 5kg,Groceries,2,25.0,50.0,Cash,C2369
S002-20260103-0533,2026-01-03 10:40:38,S002,P001,Rice 5kg,Groceries,1,25.0,25.0,Transfer,C2742
S002-20260105-0534,2026-01-05 19:52:21,S002,P002,Cooking Oil 1L,Groceries,2,12.5,25.0,Cash,C8279
S002-20260107-0535,2026-01-07 10:19:21,S002,P008,Sugar 1kg,Groceries,2,3.5,7.0,Cash,C9905
S002-20260106-0536,2026-01-06 12:40:34,S002,P002,Cooking Oil 1L,Groceries,1,12.5,12.5,Transfer,C2684
S002-20260105-0537,2026-01-05 12:06:32,S002,P007,Chicken (1kg),Meat,2,8.5,17.0,Cash,C4675
S002-20260101-0538,2026-01-01 11:27:24,S002,P003,Milk 1L,Dairy,3,4.0,12.0,Card,C4700
S002-20260106-0539,2026-01-06 14:43:56,S002,P002,Cooking Oil 1L,Groceries,4,12.5,50.0,Cash,C2804
S002-20260102-0540,2026-01-02 09:18:22,S002,P002,Cooking Oil 1L,Groceries,5,12.5,62.5,Cash,C6906
S002-20260101-0541,2026-01-01 08:38:09,S002,P003,Milk 1L,Dairy,4,4.0,16.0,Card,C3971
S002-20260106-0542,2026-01-06 14:09:57,S002,P005,Eggs (12 pack),Dairy,5,6.5,32.5,Transfer,C6707
S002-20260101-0543,2026-01-01 12:58:31,S002,P006,Soft Drink 50cl,Beverages,3,2.0,6.0,Transfer,C2251
S002-20260107-0544,2026-01-07 08:55:59,S002,P003,Milk 1L,Dairy,2,4.0,8.0,Cash,C7399
S002-20260104-0545,2026-01-04 19:50:50,S002,P008,Sugar 1kg,Groceries,1,3.5,3.5,Cash,C8003
S002-20260106-0546,2026-01-06 12:09:05,S002,P006,Soft Drink 50cl,Beverages,2,2.0,4.0,Cash,C7308
S002-20260103-0547,2026-01-03 13:31:27,S002,P008,Sugar 1kg,Groceries,4,3.5,14.0,Card,C6463
S002-20260102-0548,2026-01-02 20:41:58,S002,P004,Bread Loaf,Bakery,4,3.0,12.0,Card,C9144
S002-20260105-0549,2026-01-05 16:31:34,S002,P009,Spaghetti 500g,Groceries,2,2.5,5.0,Cash,C7911
S002-20260105-0550,2026-01-05 17:49:44,S002,P004,Bread Loaf,Bakery,1,3.0,3.0,Cash,C1046
S002-20260102-0551,2026-01-02 21:01:23,S002,P009,Spaghetti 500g,Groceries,4,2.5,10.0,Transfer,C2804
S002-20260101-0552,2026-01-01 13:23:54,S002,P003,Milk 1L,Dairy,3,4.0,12.0,Card,C7898
S002-20260102-0553,2026-01-02 11:52:14,S002,P001,Rice 5kg,Groceries,2,25.0,50.0,Cash,C3344
S002-20260104-0554,2026-01-04 19:01:44,S002,P007,Chicken (1kg),Meat,3,8.5,25.5,Cash,C2736
S002-20260106-0555,2026-01-06 17:04:30,S002,P010,Detergent 1kg,Household,2,7.0,14.0,Cash,C6984
S002-20260102-0556,2026-01-02 09:15:04,S002,P001,Rice 5kg,Groceries,5,25.0,125.0,Transfer,C7823
S002-20260102-0557,2026-01-02 20:11:30,S002,P003,Milk 1L,Dairy,5,4.0,20.0,Card,C5907
S002-20260104-0558,2026-01-04 14:46:21,S002,P008,Sugar 1kg,Groceries,1,3.5,3.5,Cash,C3554
S002-20260101-0559,2026-01-01 18:02:38,S002,P003,Milk 1L,Dairy,5,4.0,20.0,Cash,C7494
S002-20260107-0560,2026-01-07 14:43:56,S002,P008,Sugar 1kg,Groceries,5,3.5,17.5,Card,C5227
S002-20260105-0561,2026-01-05 16:19:45,S002,P004,Bread Loaf,Bakery,4,3.0,12.0,Transfer,C5453
S002-20260101-0562,2026-01-01 16:24:08,S002,P004,Bread Loaf,Bakery,4,3.0,12.0,Card,C4586
S002-20260104-0563,2026-01-04 10:52:47,S002,P009,Spaghetti 500g,Groceries,5,2.5,12.5,Transfer,C8674
S002-20260104-0564,2026-01-04 13:41:41,S002,P007,Chicken (1kg),Meat,4,8.5,34.0,Cash,C7086
S002-20260106-0565,2026-01-06 14:12:17,S002,P002,Cooking Oil 1L,Groceries,1,12.5,12.5,Cash,C6496
S002-20260101-0566,2026-01-01 11:18:10,S002,P009,Spaghetti 500g,Groceries,1,2.5,2.5,Cash,C1179
S002-20260107-0567,2026-01-07 12:12:35,S002,P004,Bread Loaf,Bakery,1,3.0,3.0,Cash,C2393
S002-20260105-0568,2026-01-05 17:02:36,S002,P008,Sugar 1kg,Groceries,1,3.5,3.5,Cash,C2527
S002-20260103-0569,2026-01-03 08:22:48,S002,P005,Eggs (12 pack),Dairy,4,6.5,26.0,Card,C6152
S002-20260107-0570,2026-01-07 14:46:22,S002,P003,Milk 1L,Dairy,1,4.0,4.0,Cash,C9250
S002-20260101-0571,2026-01-01 16:51:49,S002,P003,Milk 1L,Dairy,1,4.0,4.0,Card,C7260
S002-20260104-0572,2026-01-04 17:55:54,S002,P001,Rice 5kg,Groceries,3,25.0,75.0,Cash,C8587
S002-20260101-0573,2026-01-01 18:05:45,S002,P004,Bread Loaf,Bakery,2,3.0,6.0,Transfer,C3307
S002-20260107-0574,2026-01-07 19:10:32,S002,P009,Spaghetti 500g,Groceries,5,2.5,12.5,Card,C6593
S002-20260104-0575,2026-01-04 20:08:21,S002,P005,Eggs (12 pack),Dairy,3,6.5,19.5,Card,C8059
S002-20260101-0576,2026-01-01 19:49:43,S002,P007,Chicken (1kg),Meat,2,8.5,17.0,Cash,C2228
S002-20260102-0577,2026-01-02 17:40:31,S002,P002,Cooking Oil 1L,Groceries,1,12.5,12.5,Cash,C6071
S002-20260105-0578,2026-01-05 21:51:50,S002,P002,Cooking Oil 1L,Groceries,4,12.5,50.0,Cash,C6139
S002-20260102-0579,2026-01-02 12:10:04,S002,P005,Eggs (12 pack),Dairy,5,6.5,32.5,Cash,C2461
S002-20260101-0580,2026-01-01 10:45:49,S002,P008,Sugar 1kg,Groceries,3,3.5,10.5,Transfer,C5194
S002-20260107-0581,2026-01-07 15:41:59,S002,P003,Milk 1L,Dairy,1,4.0,4.0,Transfer,C8999
S002-20260101-0582,2026-01-01 13:54:18,S002,P007,Chicken (1kg),Meat,4,8.5,34.0,Transfer,C3113
S002-20260104-0583,2026-01-04 13:32:54,S002,P010,Detergent 1kg,Household,3,7.0,21.0,Cash,C7769
S002-20260105-0584,2026-01-05 15:16:56,S002,P001,Rice 5kg,Groceries,5,25.0,125.0,Transfer,C1934
S002-20260106-0585,2026-01-06 20:15:44,S002,P009,Spaghetti 500g,Groceries,1,2.5,2.5,Cash,C2725
S002-20260103-0586,2026-01-03 14:10:36,S002,P007,Chicken (1kg),Meat,1,8.5,8.5,Cash,C8573
S002-20260106-0587,2026-01-06 09:22:29,S002,P008,Sugar 1kg,Groceries,5,3.5,17.5,Transfer,C8616
S002-20260101-0588,2026-01-01 09:11:46,S002,P002,Cooking Oil 1L,Groceries,4,12.5,50.0,Transfer,C4268
S002-20260104-0589,2026-01-04 13:04:20,S002,P006,Soft Drink 50cl,Beverages,5,2.0,10.0,Card,C8802
S002-20260101-0590,2026-01-01 12:29:02,S002,P009,Spaghetti 500g,Groceries,2,2.5,5.0,Transfer,C3384
S002-20260106-0591,2026-01-06 11:20:36,S002,P001,Rice 5kg,Groceries,5,25.0,125.0,Transfer,C2022
S002-20260107-0592,2026-01-07 13:50:27,S002,P008,Sugar 1kg,Groceries,2,3.5,7.0,Cash,C1375
S002-20260107-0593,2026-01-07 18:27:17,S002,P005,Eggs (12 pack),Dairy,2,6.5,13.0,Cash,C2134
S002-20260103-0594,2026-01-03 14:05:19,S002,P008,Sugar 1kg,Groceries,4,3.5,14.0,Card,C5250
S002-20260102-0595,2026-01-02 21:03:05,S002,P007,Chicken (1kg),Meat,3,8.5,25.5,Transfer,C5864
S002-20260102-0596,2026-01-02 11:22:26,S002,P008,Sugar 1kg,Groceries,4,3.5,14.0,Card,C3632
S002-20260106-0597,2026-01-06 14:22:58,S002,P010,Detergent 1kg,Household,4,7.0,28.0,Transfer,C4253
S002-20260101-0598,2026-01-01 19:42:37,S002,P010,Detergent 1kg,Household,2,7.0,14.0,Cash,C6185
S002-20260101-0599,2026-01-01 10:57:29,S002,P003,Milk 1L,Dairy,4,4.0,16.0,Transfer,C2861
S002-20260107-0600,2026-01-07 18:26:16,S002,P009,Spaghetti 500g,Groceries,1,2.5,2.5,Transfer,C3059
S002-20260106-0601,2026-01-06 15:40:37,S002,P002,Cooking Oil 1L,Groceries,1,12.5,12.5,Cash,C4074
S002-20260104-0602,2026-01-04 19:34:49,S002,P003,Milk 1L,Dairy,5,4.0,20.0,Cash,C6703
S002-20260102-0603,2026-01-02 11:43:36,S002,P001,Rice 5kg,Groceries,3,25.0,75.0,Transfer,C1265
S002-20260103-0604,2026-01-03 12:32:52,S002,P002,Cooking Oil 1L,Groceries,4,12.5,50.0,Card,C8471
S002-20260104-0605,2026-01-04 14:22:22,S002,P009,Spaghetti 500g,Groceries,4,2.5,10.0,Card,C6502
S002-20260101-0606,2026-01-01 10:29:27,S002,P006,Soft Drink 50cl,Beverages,2,2.0,4.0,Card,C3664
S002-20260105-0607,2026-01-05 14:24:18,S002,P007,Chicken (1kg),Meat,3,8.5,25.5,Card,C2625
S002-20260101-0608,2026-01-01 20:53:06,S002,P002,Cooking Oil 1L,Groceries,1,12.5,12.5,Card,C7738
S002-20260101-0609,2026-01-01 15:47:48,S002,P010,Detergent 1kg,Household,5,7.0,35.0,Cash,C8276
S002-20260105-0610,2026-01-05 17:51:02,S002,P005,Eggs (12 pack),Dairy,4,6.5,26.0,Cash,C8448
S002-20260105-0611,2026-01-05 14:07:12,S002,P008,Sugar 1kg,Groceries,1,3.5,3.5,Cash,C8601
S002-20260104-0612,2026-01-04 21:41:45,S002,P007,Chicken (1kg),Meat,1,8.5,8.5,Transfer,C4668
S002-20260105-0613,2026-01-05 12:17:56,S002,P005,Eggs (12 pack),Dairy,3,6.5,19.5,Transfer,C7794
S002-20260106-0614,2026-01-06 11:00:57,S002,P007,Chicken (1kg),Meat,1,8.5,8.5,Cash,C3512
S002-20260107-0615,2026-01-07 13:53:52,S002,P009,Spaghetti 500g,Groceries,5,2.5,12.5,Cash,C3792
S002-20260105-0616,2026-01-05 14:15:35,S002,P007,Chicken (1kg),Meat,2,8.5,17.0,Card,C7444
S002-20260107-0617,2026-01-07 08:51:59,S002,P010,Detergent 1kg,Household,4,7.0,28.0,Cash,C7396
S002-20260106-0618,2026-01-06 10:25:57,S002,P006,Soft Drink 50cl,Beverages,5,2.0,10.0,Cash,C4784
S002-20260101-0619,2026-01-01 19:51:08,S002,P009,Spaghetti 500g,Groceries,1,2.5,2.5,Card,C7422
S002-20260107-0620,2026-01-07 20:40:58,S002,P005,Eggs (12 pack),Dairy,5,6.5,32.5,Cash,C6282
S002-20260102-0621,2026-01-02 09:05:01,S002,P007,Chicken (1kg),Meat,1,8.5,8.5,Card,C3507
S002-20260101-0622,2026-01-01 17:45:34,S002,P002,Cooking Oil 1L,Groceries,5,12.5,62.5,Cash,C3138
S002-20260104-0623,2026-01-04 18:40:49,S002,P006,Soft Drink 50cl,Beverages,2,2.0,4.0,Cash,C4633
S002-20260103-0624,2026-01-03 11:34:53,S002,P004,Bread Loaf,Bakery,4,3.0,12.0,Transfer,C1847
S002-20260103-0625,2026-01-03 09:59:09,S002,P001,Rice 5kg,Groceries,5,25.0,125.0,Transfer,C2817
S002-20260104-0626,2026-01-04 17:07:06,S002,P003,Milk 1L,Dairy,3,4.0,12.0,Cash,C3959
S002-20260101-0627,2026-01-01 09:31:54,S002,P006,Soft Drink 50cl,Beverages,2,2.0,4.0,Cash,C9045
S002-20260107-0628,2026-01-07 08:26:04,S002,P008,Sugar 1kg,Groceries,1,3.5,3.5,Cash,C7879
S002-20260104-0629,2026-01-04 13:40:58,S002,P008,Sugar 1kg,Groceries,2,3.5,7.0,Cash,C1166
S002-20260102-0630,2026-01-02 18:36:40,S002,P010,Detergent 1kg,Household,1,7.0,7.0,Cash,C6616
S002-20260103-0631,2026-01-03 15:39:38,S002,P009,Spaghetti 500g,Groceries,1,2.5,2.5,Cash,C5169
S002-20260101-0632,2026-01-01 11:38:01,S002,P009,Spaghetti 500g,Groceries,1,2.5,2.5,Card,C3496
S002-20260102-0633,2026-01-02 21:23:07,S002,P004,Bread Loaf,Bakery,1,3.0,3.0,Cash,C4600
S002-20260101-0634,2026-01-01 19:44:08,S002,P005,Eggs (12 pack),Dairy,3,6.5,19.5,Card,C2506
S002-20260103-0635,2026-01-03 19:35:41,S002,P005,Eggs (12 pack),Dairy,4,6.5,26.0,Card,C9123
S002-20260104-0636,2026-01-04 16:25:59,S002,P004,Bread Loaf,Bakery,3,3.0,9.0,Cash,C5605
S002-20260104-0637,2026-01-04 09:37:50,S002,P010,Detergent 1kg,Household,3,7.0,21.0,Cash,C4372
S002-20260106-0638,2026-01-06 15:27:56,S002,P008,Sugar 1kg,Groceries,4,3.5,14.0,Card,C5451
S002-20260107-0639,2026-01-07 13:39:06,S002,P010,Detergent 1kg,Household,4,7.0,28.0,Card,C6782
S002-20260103-0640,2026-01-03 18:52:04,S002,P008,Sugar 1kg,Groceries,2,3.5,7.0,Transfer,C9378
S002-20260103-0641,2026-01-03 17:26:18,S002,P010,Detergent 1kg,Household,5,7.0,35.0,Cash,C1490
S002-20260101-0642,2026-01-01 10:51:20,S002,P007,Chicken (1kg),Meat,2,8.5,17.0,Cash,C2190
S002-20260102-0643,2026-01-02 18:23:23,S002,P003,Milk 1L,Dairy,3,4.0,12.0,Cash,C6219
S002-20260106-0644,2026-01-06 08:45:21,S002,P004,Bread Loaf,Bakery,4,3.0,12.0,Card,C6268
S002-20260102-0645,2026-01-02 16:04:24,S002,P005,Eggs (12 pack),Dairy,5,6.5,32.5,Cash,C4562
S002-20260101-0646,2026-01-01 16:17:45,S002,P010,Detergent 1kg,Household,1,7.0,7.0,Card,C7909
S002-20260106-0647,2026-01-06 20:27:20,S002,P006,Soft Drink 50cl,Beverages,2,2.0,4.0,Cash,C9092
S002-20260104-0648,2026-01-04 08:17:26,S002,P002,Cooking Oil 1L,Groceries,1,12.5,12.5,Card,C6355
S002-20260105-0649,2026-01-05 14:15:36,S002,P001,Rice 5kg,Groceries,3,25.0,75.0,Cash,C1076
S002-20260104-0650,2026-01-04 12:08:53,S002,P007,Chicken (1kg),Meat,1,8.5,8.5,Transfer,C9642
S002-20260101-0651,2026-01-01 13:41:01,S002,P002,Cooking Oil 1L,Groceries,4,12.5,50.0,Cash,C7800
S002-20260106-0652,2026-01-06 12:17:20,S002,P006,Soft Drink 50cl,Beverages,4,2.0,8.0,Cash,C6131
S002-20260104-0653,2026-01-04 17:03:25,S002,P005,Eggs (12 pack),Dairy,4,6.5,26.0,Card,C2989
S002-20260107-0654,2026-01-07 13:39:06,S002,P001,Rice 5kg,Groceries,2,25.0,50.0,Cash,C1170
S002-20260102-0655,2026-01-02 09:20:55,S002,P007,Chicken (1kg),Meat,2,8.5,17.0,Cash,C4131
S002-20260106-0656,2026-01-06 20:23:52,S002,P009,Spaghetti 500g,Groceries,1,2.5,2.5,Transfer,C1860
S002-20260103-0657,2026-01-03 20:02:07,S002,P001,Rice 5kg,Groceries,3,25.0,75.0,Cash,C6395
S002-20260106-0658,2026-01-06 17:50:51,S002,P007,Chicken (1kg),Meat,3,8.5,25.5,Card,C3257
S002-20260105-0659,2026-01-05 15:07:08,S002,P006,Soft Drink 50cl,Beverages,2,2.0,4.0,Transfer,C7771
S002-20260106-0660,2026-01-06 15:42:07,S002,P009,Spaghetti 500g,Groceries,5,2.5,12.5,Cash,C8830
S002-20260106-0661,2026-01-06 15:17:20,S002,P008,Sugar 1kg,Groceries,2,3.5,7.0,Cash,C5853
S002-20260106-0662,2026-01-06 09:22:35,S002,P004,Bread Loaf,Bakery,2,3.0,6.0,Card,C2231
S002-20260104-0663,2026-01-04 08:13:00,S002,P004,Bread Loaf,Bakery,4,3.0,12.0,Transfer,C4078
S002-20260104-0664,2026-01-04 09:21:13,S002,P010,Detergent 1kg,Household,5,7.0,35.0,Card,C6134
S002-20260107-0665,2026-01-07 12:45:29,S002,P003,Milk 1L,Dairy,5,4.0,20.0,Cash,C3130
S002-20260102-0666,2026-01-02 13:24:28,S002,P010,Detergent 1kg,Household,5,7.0,35.0,Cash,C7556
S002-20260102-0667,2026-01-02 09:17:27,S002,P003,Milk 1L,Dairy,3,4.0,12.0,Transfer,C2672
S002-20260102-0668,2026-01-02 15:56:06,S002,P002,Cooking Oil 1L,Groceries,2,12.5,25.0,Cash,C8550
S002-20260102-0669,2026-01-02 12:01:30,S002,P009,Spaghetti 500g,Groceries,4,2.5,10.0,Cash,C2938
S002-20260105-0670,2026-01-05 09:22:27,S002,P004,Bread Loaf,Bakery,2,3.0,6.0,Cash,C8059
S002-20260105-0671,2026-01-05 13:03:28,S002,P005,Eggs (12 pack),Dairy,3,6.5,19.5,Cash,C7267
S002-20260106-0672,2026-01-06 14:12:18,S002,P004,Bread Loaf,Bakery,4,3.0,12.0,Cash,C5520
S002-20260105-0673,2026-01-05 17:31:33,S002,P007,Chicken (1kg),Meat,1,8.5,8.5,Card,C5078
S002-20260101-0674,2026-01-01 11:07:03,S002,P001,Rice 5kg,Groceries,5,25.0,125.0,Cash,C2078
S002-20260105-0675,2026-01-05 09:17:14,S002,P010,Detergent 1kg,Household,4,7.0,28.0,Cash,C2659
S002-20260102-0676,2026-01-02 19:52:56,S002,P005,Eggs (12 pack),Dairy,4,6.5,26.0,Cash,C4335
S002-20260103-0677,2026-01-03 18:18:45,S002,P010,Detergent 1kg,Household,3,7.0,21.0,Card,C2544
S002-20260102-0678,2026-01-02 16:58:44,S002,P010,Detergent 1kg,Household,4,7.0,28.0,Card,C4909
S002-20260102-0679,2026-01-02 13:43:04,S002,P003,Milk 1L,Dairy,2,4.0,8.0,Cash,C8458
S002-20260102-0680,2026-01-02 08:42:30,S002,P007,Chicken (1kg),Meat,3,8.5,25.5,Cash,C5322
S002-20260101-0681,2026-01-01 10:43:48,S002,P001,Rice 5kg,Groceries,5,25.0,125.0,Cash,C8763
S002-20260105-0682,2026-01-05 08:31:55,S002,P004,Bread Loaf,Bakery,4,3.0,12.0,Cash,C1284
S002-20260105-0683,2026-01-05 18:18:53,S002,P004,Bread Loaf,Bakery,5,3.0,15.0,Card,C3401
S002-20260107-0684,2026-01-07 09:06:19,S002,P006,Soft Drink 50cl,Beverages,4,2.0,8.0,Card,C6747
S002-20260105-0685,2026-01-05 12:42:31,S002,P005,Eggs (12 pack),Dairy,3,6.5,19.5,Card,C6777
S002-20260103-0686,2026-01-03 19:21:57,S002,P009,Spaghetti 500g,Groceries,5,2.5,12.5,Card,C5422
S002-20260106-0687,2026-01-06 16:46:40,S002,P001,Rice 5kg,Groceries,2,25.0,50.0,Transfer,C4608
S002-20260106-0688,2026-01-06 10:22:31,S002,P001,Rice 5kg,Groceries,2,25.0,50.0,Card,C8056
S002-20260103-0689,2026-01-03 11:47:05,S002,P004,Bread Loaf,Bakery,4,3.0,12.0,Card,C5487
S002-20260106-0690,2026-01-06 18:34:57,S002,P008,Sugar 1kg,Groceries,5,3.5,17.5,Cash,C6715
S002-20260103-0691,2026-01-03 14:37:26,S002,P005,Eggs (12 pack),Dairy,3,6.5,19.5,Cash,C9520
S002-20260106-0692,2026-01-06 13:53:39,S002,P002,Cooking Oil 1L,Groceries,4,12.5,50.0,Transfer,C6685
S002-20260103-0693,2026-01-03 09:00:31,S002,P003,Milk 1L,Dairy,4,4.0,16.0,Card,C9571
S002-20260103-0694,2026-01-03 17:35:42,S002,P003,Milk 1L,Dairy,3,4.0,12.0,Card,C2058
S002-20260107-0695,2026-01-07 12:00:29,S002,P001,Rice 5kg,Groceries,2,25.0,50.0,Cash,C3022
S002-20260101-0696,2026-01-01 15:19:00,S002,P007,Chicken (1kg),Meat,3,8.5,25.5,Card,C1010
S002-20260101-0697,2026-01-01 12:08:22,S002,P005,Eggs (12 pack),Dairy,5,6.5,32.5,Card,C3540
S002-20260101-0698,2026-01-01 19:17:09,S002,P004,Bread Loaf,Bakery,4,3.0,12.0,Card,C2322
S002-20260103-0699,2026-01-03 11:02:30,S002,P006,Soft Drink 50cl,Beverages,2,2.0,4.0,Transfer,C7328
S002-20260104-0700,2026-01-04 14:57:06,S002,P005,Eggs (12 pack),Dairy,3,6.5,19.5,Card,C3839
S002-20260105-0701,2026-01-05 14:43:56,S002,P006,Soft Drink 50cl,Beverages,5,2.0,10.0,Cash,C4268
S002-20260103-0702,2026-01-03 10:26:35,S002,P004,Bread Loaf,Bakery,3,3.0,9.0,Cash,C5871
S002-20260105-0703,2026-01-05 18:29:34,S002,P003,Milk 1L,Dairy,4,4.0,16.0,Transfer,C8158
S002-20260101-0704,2026-01-01 10:33:28,S002,P006,Soft Drink 50cl,Beverages,5,2.0,10.0,Transfer,C6858
S002-20260104-0705,2026-01-04 13:27:29,S002,P007,Chicken (1kg),Meat,4,8.5,34.0,Card,C1432
S002-20260107-0706,2026-01-07 14:05:48,S002,P003,Milk 1L,Dairy,5,4.0,20.0,Transfer,C4975
S002-20260105-0707,2026-01-05 16:23:08,S002,P010,Detergent 1kg,Household,5,7.0,35.0,Transfer,C5806
S002-20260101-0708,2026-01-01 20:54:25,S002,P003,Milk 1L,Dairy,4,4.0,16.0,Card,C8582
S002-20260107-0709,2026-01-07 20:55:33,S002,P008,Sugar 1kg,Groceries,1,3.5,3.5,Cash,C5426
S002-20260107-0710,2026-01-07 18:06:21,S002,P010,Detergent 1kg,Household,1,7.0,7.0,Transfer,C8888
S002-20260106-0711,2026-01-06 13:55:03,S002,P002,Cooking Oil 1L,Groceries,5,12.5,62.5,Card,C1868
S002-20260106-0712,2026-01-06 11:33:09,S002,P009,Spaghetti 500g,Groceries,4,2.5,10.0,Cash,C3535
S002-20260103-0713,2026-01-03 18:19:46,S002,P001,Rice 5kg,Groceries,4,25.0,100.0,Card,C4288
S002-20260101-0714,2026-01-01 09:00:09,S002,P010,Detergent 1kg,Household,1,7.0,7.0,Card,C5050
S002-20260102-0715,2026-01-02 09:30:01,S002,P009,Spaghetti 500g,Groceries,4,2.5,10.0,Cash,C2995
S002-20260103-0716,2026-01-03 14:30:11,S002,P004,Bread Loaf,Bakery,5,3.0,15.0,Cash,C8194
S002-20260107-0717,2026-01-07 18:39:07,S002,P007,Chicken (1kg),Meat,2,8.5,17.0,Card,C4027
S002-20260102-0718,2026-01-02 21:47:42,S002,P004,Bread Loaf,Bakery,2,3.0,6.0,Card,C9956
S002-20260102-0719,2026-01-02 15:30:18,S002,P005,Eggs (12 pack),Dairy,1,6.5,6.5,Transfer,C9076
S002-20260103-0720,2026-01-03 18:17:25,S002,P007,Chicken (1kg),Meat,1,8.5,8.5,Card,C7960
S002-20260102-0721,2026-01-02 08:18:29,S002,P002,Cooking Oil 1L,Groceries,5,12.5,62.5,Cash,C5960
S002-20260101-0722,2026-01-01 18:41:57,S002,P010,Detergent 1kg,Household,4,7.0,28.0,Cash,C6811
S002-20260102-0723,2026-01-02 15:56:46,S002,P008,Sugar 1kg,Groceries,3,3.5,10.5,Cash,C3593
S002-20260103-0724,2026-01-03 16:54:55,S002,P009,Spaghetti 500g,Groceries,2,2.5,5.0,Cash,C9602
S002-20260104-0725,2026-01-04 16:04:11,S002,P003,Milk 1L,Dairy,3,4.0,12.0,Card,C6558
S002-20260104-0726,2026-01-04 19:54:50,S002,P003,Milk 1L,Dairy,3,4.0,12.0,Transfer,C5963
S002-20260104-0727,2026-01-04 09:58:53,S002,P008,Sugar 1kg,Groceries,4,3.5,14.0,Transfer,C3955
S002-20260105-0728,2026-01-05 19:59:32,S002,P009,Spaghetti 500g,Groceries,3,2.5,7.5,Cash,C6309
S002-20260105-0729,2026-01-05 17:22:37,S002,P010,Detergent 1kg,Household,4,7.0,28.0,Cash,C1483
S002-20260107-0730,2026-01-07 19:10:14,S002,P002,Cooking Oil 1L,Groceries,1,12.5,12.5,Card,C8805
S002-20260103-0731,2026-01-03 20:14:49,S002,P004,Bread Loaf,Bakery,1,3.0,3.0,Transfer,C3850
S002-20260106-0732,2026-01-06 14:48:26,S002,P002,Cooking Oil 1L,Groceries,1,12.5,12.5,Card,C2875
S002-20260101-0733,2026-01-01 21:47:04,S002,P008,Sugar 1kg,Groceries,3,3.5,10.5,Card,C1482
S002-20260102-0734,2026-01-02 13:06:44,S002,P008,Sugar 1kg,Groceries,4,3.5,14.0,Cash,C4272
S002-20260102-0735,2026-01-02 12:31:28,S002,P005,Eggs (12 pack),Dairy,2,6.5,13.0,Cash,C3655
S002-20260104-0736,2026-01-04 21:33:51,S002,P004,Bread Loaf,Bakery,1,3.0,3.0,Card,C2576
S002-20260102-0737,2026-01-02 08:51:08,S002,P001,Rice 5kg,Groceries,3,25.0,75.0,Transfer,C9955
S002-20260107-0738,2026-01-07 09:21:11,S002,P009,Spaghetti 500g,Groceries,4,2.5,10.0,Cash,C4399
S002-20260105-0739,2026-01-05 21:30:32,S002,P006,Soft Drink 50cl,Beverages,3,2.0,6.0,Card,C3258
S002-20260107-0740,2026-01-07 09:28:27,S002,P007,Chicken (1kg),Meat,1,8.5,8.5,Card,C3083
S002-20260107-0741,2026-01-07 16:19:06,S002,P002,Cooking Oil 1L,Groceries,4,12.5,50.0,Cash,C9856
S002-20260103-0742,2026-01-03 08:14:52,S002,P005,Eggs (12 pack),Dairy,3,6.5,19.5,Cash,C6863
S002-20260101-0743,2026-01-01 21:55:10,S002,P005,Eggs (12 pack),Dairy,1,6.5,6.5,Card,C4955
S002-20260107-0744,2026-01-07 16:59:39,S002,P009,Spaghetti 500g,Groceries,3,2.5,7.5,Cash,C1928
S002-20260105-0745,2026-01-05 19:57:07,S002,P010,Detergent 1kg,Household,4,7.0,28.0,Transfer,C5309
S002-20260106-0746,2026-01-06 08:02:21,S002,P007,Chicken (1kg),Meat,3,8.5,25.5,Cash,C1973
S002-20260102-0747,2026-01-02 11:35:52,S002,P006,Soft Drink 50cl,Beverages,1,2.0,2.0,Cash,C2194
S002-20260107-0748,2026-01-07 17:57:39,S002,P001,Rice 5kg,Groceries,3,25.0,75.0,Transfer,C7819
S002-20260105-0749,2026-01-05 19:39:59,S002,P002,Cooking Oil 1L,Groceries,5,12.5,62.5,Card,C3121
S002-20260103-0750,2026-01-03 19:02:06,S002,P001,Rice 5kg,Groceries,4,25.0,100.0,Card,C6738
S002-20260104-0751,2026-01-04 15:19:50,S002,P004,Bread Loaf,Bakery,1,3.0,3.0,Transfer,C1431
S002-20260107-0752,2026-01-07 20:51:12,S002,P009,Spaghetti 500g,Groceries,5,2.5,12.5,Transfer,C1296
S002-20260105-0753,2026-01-05 15:03:24,S002,P007,Chicken (1kg),Meat,2,8.5,17.0,Card,C7993
S002-20260105-0754,2026-01-05 10:07:28,S002,P002,Cooking Oil 1L,Groceries,5,12.5,62.5,Transfer,C7024
S002-20260103-0755,2026-01-03 11:21:27,S002,P001,Rice 5kg,Groceries,2,25.0,50.0,Cash,C1164
S002-20260102-0756,2026-01-02 14:47:48,S002,P009,Spaghetti 500g,Groceries,5,2.5,12.5,Cash,C1244
S002-20260107-0757,2026-01-07 19:15:52,S002,P001,Rice 5kg,Groceries,1,25.0,25.0,Cash,C8185
S002-20260102-0758,2026-01-02 12:02:20,S002,P006,Soft Drink 50cl,Beverages,5,2.0,10.0,Card,C5001
S002-20260103-0759,2026-01-03 10:38:25,S002,P008,Sugar 1kg,Groceries,1,3.5,3.5,Card,C2251
S002-20260103-0760,2026-01-03 16:13:31,S002,P006,Soft Drink 50cl,Beverages,2,2.0,4.0,Card,C5959
S002-20260103-0761,2026-01-03 20:35:18,S002,P004,Bread Loaf,Bakery,5,3.0,15.0,Transfer,C6224
S002-20260106-0762,2026-01-06 16:32:06,S002,P001,Rice 5kg,Groceries,3,25.0,75.0,Transfer,C8966
S002-20260103-0763,2026-01-03 09:13:58,S002,P003,Milk 1L,Dairy,5,4.0,20.0,Cash,C4453
S002-20260101-0764,2026-01-01 13:46:52,S002,P003,Milk 1L,Dairy,1,4.0,4.0,Transfer,C8213
S002-20260106-0765,2026-01-06 20:29:07,S002,P001,Rice 5kg,Groceries,4,25.0,100.0,Transfer,C5428
S002-20260103-0766,2026-01-03 17:24:19,S002,P002,Cooking Oil 1L,Groceries,1,12.5,12.5,Cash,C7290
S002-20260104-0767,2026-01-04 08:55:24,S002,P007,Chicken (1kg),Meat,4,8.5,34.0,Cash,C4370
S002-20260104-0768,2026-01-04 10:42:27,S002,P009,Spaghetti 500g,Groceries,1,2.5,2.5,Card,C1512
S002-20260105-0769,2026-01-05 20:22:59,S002,P001,Rice 5kg,Groceries,5,25.0,125.0,Transfer,C6508
S002-20260107-0770,2026-01-07 12:51:48,S002,P010,Detergent 1kg,Household,2,7.0,14.0,Transfer,C6586
S002-20260106-0771,2026-01-06 21:39:27,S002,P007,Chicken (1kg),Meat,1,8.5,8.5,Transfer,C7358
S002-20260106-0772,2026-01-06 18:18:54,S002,P009,Spaghetti 500g,Groceries,4,2.5,10.0,Card,C9501
S002-20260103-0773,2026-01-03 10:24:29,S002,P004,Bread Loaf,Bakery,2,3.0,6.0,Transfer,C5598
S002-20260107-0774,2026-01-07 18:17:05,S002,P004,Bread Loaf,Bakery,5,3.0,15.0,Cash,C7465
S002-20260101-0775,2026-01-01 17:17:23,S002,P005,Eggs (12 pack),Dairy,3,6.5,19.5,Transfer,C1202
S002-20260101-0776,2026-01-01 12:36:42,S002,P006,Soft Drink 50cl,Beverages,3,2.0,6.0,Transfer,C8271
S002-20260104-0777,2026-01-04 08:28:00,S002,P008,Sugar 1kg,Groceries,1,3.5,3.5,Transfer,C8867
S002-20260106-0778,2026-01-06 21:35:13,S002,P007,Chicken (1kg),Meat,1,8.5,8.5,Card,C2303
S002-20260103-0779,2026-01-03 17:35:20,S002,P002,Cooking Oil 1L,Groceries,4,12.5,50.0,Cash,C5524
S002-20260103-0780,2026-01-03 21:31:08,S002,P004,Bread Loaf,Bakery,2,3.0,6.0,Cash,C1812
S002-20260102-0781,2026-01-02 09:41:02,S002,P003,Milk 1L,Dairy,5,4.0,20.0,Transfer,C6199
S002-20260101-0782,2026-01-01 16:45:14,S002,P001,Rice 5kg,Groceries,3,25.0,75.0,Transfer,C1264
S002-20260106-0783,2026-01-06 21:54:54,S002,P006,Soft Drink 50cl,Beverages,5,2.0,10.0,Card,C4845
S002-20260103-0784,2026-01-03 09:04:32,S002,P008,Sugar 1kg,Groceries,1,3.5,3.5,Card,C4882
S002-20260102-0785,2026-01-02 13:36:23,S002,P007,Chicken (1kg),Meat,1,8.5,8.5,Card,C5638
S002-20260102-0786,2026-01-02 08:20:38,S002,P006,Soft Drink 50cl,Beverages,3,2.0,6.0,Transfer,C7139
S002-20260104-0787,2026-01-04 12:39:01,S002,P003,Milk 1L,Dairy,3,4.0,12.0,Cash,C3458
S002-20260105-0788,2026-01-05 08:06:38,S002,P004,Bread Loaf,Bakery,3,3.0,9.0,Card,C9326
S002-20260107-0789,2026-01-07 17:45:22,S002,P004,Bread Loaf,Bakery,4,3.0,12.0,Transfer,C1534
S002-20260106-0790,2026-01-06 19:09:24,S002,P002,Cooking Oil 1L,Groceries,1,12.5,12.5,Transfer,C4679
S002-20260105-0791,2026-01-05 16:36:40,S002,P009,Spaghetti 500g,Groceries,4,2.5,10.0,Card,C2986
S002-20260107-0792,2026-01-07 16:51:03,S002,P010,Detergent 1kg,Household,4,7.0,28.0,Card,C9525
S002-20260104-0793,2026-01-04 13:17:12,S002,P010,Detergent 1kg,Household,3,7.0,21.0,Transfer,C6385
S002-20260102-0794,2026-01-02 20:49:23,S002,P004,Bread Loaf,Bakery,4,3.0,12.0,Cash,C2890
S002-20260106-0795,2026-01-06 11:28:46,S002,P007,Chicken (1kg),Meat,3,8.5,25.5,Cash,C9284
S002-20260101-0796,2026-01-01 13:41:30,S002,P010,Detergent 1kg,Household,2,7.0,14.0,Card,C7862
S002-20260102-0797,2026-01-02 17:52:52,S002,P003,Milk 1L,Dairy,5,4.0,20.0,Cash,C7678
S002-20260106-0798,2026-01-06 17:42:08,S002,P010,Detergent 1kg,Household,3,7.0,21.0,Transfer,C6596
S002-20260103-0799,2026-01-03 09:05:26,S002,P007,Chicken (1kg),Meat,5,8.5,42.5,Transfer,C9096
S002-20260106-0800,2026-01-06 20:12:57,S002,P003,Milk 1L,Dairy,4,4.0,16.0,Cash,C2979
S002-20260104-0801,2026-01-04 12:48:35,S002,P008,Sugar 1kg,Groceries,1,3.5,3.5,Cash,C1558
S002-20260107-0802,2026-01-07 14:01:44,S002,P003,Milk 1L,Dairy,1,4.0,4.0,Cash,C9672
S002-20260104-0803,2026-01-04 14:22:08,S002,P007,Chicken (1kg),Meat,5,8.5,42.5,Cash,C5806
S002-20260101-0804,2026-01-01 13:57:52,S002,P006,Soft Drink 50cl,Beverages,5,2.0,10.0,Card,C2765
S002-20260106-0805,2026-01-06 08:04:47,S002,P006,Soft Drink 50cl,Beverages,4,2.0,8.0,Transfer,C8368
S002-20260106-0806,2026-01-06 21:27:18,S002,P008,Sugar 1kg,Groceries,2,3.5,7.0,Card,C9345
S002-20260101-0807,2026-01-01 10:57:00,S002,P010,Detergent 1kg,Household,5,7.0,35.0,Cash,C8430
S002-20260104-0808,2026-01-04 13:28:11,S002,P009,Spaghetti 500g,Groceries,5,2.5,12.5,Cash,C2587
S002-20260102-0809,2026-01-02 12:31:21,S002,P001,Rice 5kg,Groceries,5,25.0,125.0,Card,C9604
S002-20260105-0810,2026-01-05 16:54:59,S002,P007,Chicken (1kg),Meat,3,8.5,25.5,Cash,C6219
S002-20260107-0811,2026-01-07 10:09:02,S002,P004,Bread Loaf,Bakery,4,3.0,12.0,Card,C6150
S002-20260101-0812,2026-01-01 13:18:10,S002,P002,Cooking Oil 1L,Groceries,3,12.5,37.5,Cash,C8191
S002-20260102-0813,2026-01-02 10:18:58,S002,P005,Eggs (12 pack),Dairy,5,6.5,32.5,Transfer,C4795
S002-20260106-0814,2026-01-06 12:09:06,S002,P004,Bread Loaf,Bakery,5,3.0,15.0,Transfer,C3766
S002-20260101-0815,2026-01-01 17:57:02,S002,P009,Spaghetti 500g,Groceries,5,2.5,12.5,Transfer,C1109
S002-20260104-0816,2026-01-04 21:52:01,S002,P006,Soft Drink 50cl,Beverages,2,2.0,4.0,Cash,C7987
S002-20260106-0817,2026-01-06 15:33:08,S002,P008,Sugar 1kg,Groceries,3,3.5,10.5,Transfer,C2965
S002-20260104-0818,2026-01-04 14:31:16,S002,P002,Cooking Oil 1L,Groceries,2,12.5,25.0,Transfer,C2908
S002-20260103-0819,2026-01-03 20:05:47,S002,P004,Bread Loaf,Bakery,1,3.0,3.0,Cash,C9307
S002-20260103-0820,2026-01-03 12:29:40,S002,P009,Spaghetti 500g,Groceries,1,2.5,2.5,Card,C6157
S002-20260101-0821,2026-01-01 14:06:59,S002,P009,Spaghetti 500g,Groceries,3,2.5,7.5,Cash,C1583
S002-20260106-0822,2026-01-06 18:00:15,S002,P003,Milk 1L,Dairy,5,4.0,20.0,Cash,C4607
S002-20260106-0823,2026-01-06 11:16:30,S002,P003,Milk 1L,Dairy,4,4.0,16.0,Transfer,C9138
S002-20260103-0824,2026-01-03 10:12:40,S002,P002,Cooking Oil 1L,Groceries,5,12.5,62.5,Transfer,C4509
S002-20260101-0825,2026-01-01 14:04:31,S002,P009,Spaghetti 500g,Groceries,5,2.5,12.5,Cash,C3918
S002-20260101-0826,2026-01-01 14:44:16,S002,P010,Detergent 1kg,Household,4,7.0,28.0,Card,C4845
S002-20260106-0827,2026-01-06 13:30:33,S002,P003,Milk 1L,Dairy,3,4.0,12.0,Transfer,C5786
S002-20260106-0828,2026-01-06 15:31:50,S002,P007,Chicken (1kg),Meat,5,8.5,42.5,Cash,C8880
S002-20260103-0829,2026-01-03 09:14:07,S002,P005,Eggs (12 pack),Dairy,4,6.5,26.0,Transfer,C6331
S002-20260102-0830,2026-01-02 18:27:07,S002,P003,Milk 1L,Dairy,4,4.0,16.0,Transfer,C2860
S002-20260103-0831,2026-01-03 19:25:45,S002,P003,Milk 1L,Dairy,4,4.0,16.0,Transfer,C9014
S002-20260105-0832,2026-01-05 14:43:15,S002,P001,Rice 5kg,Groceries,3,25.0,75.0,Cash,C4524
S002-20260107-0833,2026-01-07 20:26:03,S002,P009,Spaghetti 500g,Groceries,3,2.5,7.5,Cash,C6203
S002-20260104-0834,2026-01-04 14:51:28,S002,P007,Chicken (1kg),Meat,4,8.5,34.0,Cash,C1895
S002-20260103-0835,2026-01-03 15:46:14,S002,P006,Soft Drink 50cl,Beverages,1,2.0,2.0,Cash,C7714
S002-20260102-0836,2026-01-02 17:56:10,S002,P009,Spaghetti 500g,Groceries,2,2.5,5.0,Transfer,C2807
S002-20260105-0837,2026-01-05 17:21:08,S002,P010,Detergent 1kg,Household,5,7.0,35.0,Cash,C1345
S002-20260107-0838,2026-01-07 14:05:49,S002,P006,Soft Drink 50cl,Beverages,3,2.0,6.0,Transfer,C2039
S002-20260106-0839,2026-01-06 08:33:13,S002,P006,Soft Drink 50cl,Beverages,5,2.0,10.0,Cash,C3572
S002-20260107-0840,2026-01-07 16:25:55,S002,P004,Bread Loaf,Bakery,3,3.0,9.0,Transfer,C7125
S002-20260103-0841,2026-01-03 14:13:35,S002,P004,Bread Loaf,Bakery,1,3.0,3.0,Cash,C1328
S002-20260107-0842,2026-01-07 16:06:32,S002,P007,Chicken (1kg),Meat,4,8.5,34.0,Cash,C5638
S002-20260103-0843,2026-01-03 08:14:40,S002,P004,Bread Loaf,Bakery,1,3.0,3.0,Cash,C3025
S002-20260107-0844,2026-01-07 20:24:41,S002,P007,Chicken (1kg),Meat,2,8.5,17.0,Transfer,C5423
S002-20260107-0845,2026-01-07 09:04:04,S002,P009,Spaghetti 500g,Groceries,4,2.5,10.0,Cash,C9875
S002-20260105-0846,2026-01-05 10:06:47,S002,P010,Detergent 1kg,Household,4,7.0,28.0,Cash,C6114
S002-20260107-0847,2026-01-07 13:27:32,S002,P001,Rice 5kg,Groceries,3,25.0,75.0,Cash,C4320
S002-20260101-0848,2026-01-01 12:41:36,S002,P008,Sugar 1kg,Groceries,4,3.5,14.0,Cash,C2524
S002-20260102-0849,2026-01-02 14:35:17,S002,P008,Sugar 1kg,Groceries,3,3.5,10.5,Transfer,C9736
S002-20260105-0850,2026-01-05 11:24:01,S002,P008,Sugar 1kg,Groceries,4,3.5,14.0,Transfer,C9955
S002-20260106-0851,2026-01-06 09:28:14,S002,P010,Detergent 1kg,Household,1,7.0,7.0,Cash,C4802
S002-20260104-0852,2026-01-04 13:30:36,S002,P002,Cooking Oil 1L,Groceries,3,12.5,37.5,Cash,C2370
S002-20260101-0853,2026-01-01 16:10:13,S002,P008,Sugar 1kg,Groceries,5,3.5,17.5,Cash,C3315
S002-20260104-0854,2026-01-04 17:53:30,S002,P009,Spaghetti 500g,Groceries,5,2.5,12.5,Transfer,C1965
S002-20260107-0855,2026-01-07 15:16:26,S002,P005,Eggs (12 pack),Dairy,3,6.5,19.5,Transfer,C1598
S002-20260103-0856,2026-01-03 19:36:38,S002,P007,Chicken (1kg),Meat,1,8.5,8.5,Cash,C4427
S002-20260107-0857,2026-01-07 16:50:31,S002,P009,Spaghetti 500g,Groceries,4,2.5,10.0,Cash,C4862
S002-20260103-0858,2026-01-03 15:45:30,S002,P009,Spaghetti 500g,Groceries,5,2.5,12.5,Transfer,C2334
S002-20260101-0859,2026-01-01 14:44:04,S002,P007,Chicken (1kg),Meat,2,8.5,17.0,Transfer,C3655
S002-20260105-0860,2026-01-05 19:07:10,S002,P004,Bread Loaf,Bakery,4,3.0,12.0,Transfer,C2862
S002-20260101-0861,2026-01-01 14:31:10,S002,P009,Spaghetti 500g,Groceries,4,2.5,10.0,Cash,C9963
S002-20260104-0862,2026-01-04 14:00:18,S002,P002,Cooking Oil 1L,Groceries,4,12.5,50.0,Transfer,C5441
S002-20260105-0863,2026-01-05 13:39:56,S002,P006,Soft Drink 50cl,Beverages,5,2.0,10.0,Card,C3318
S002-20260103-0864,2026-01-03 16:43:13,S002,P010,Detergent 1kg,Household,3,7.0,21.0,Card,C5116
S002-20260104-0865,2026-01-04 15:13:59,S002,P006,Soft Drink 50cl,Beverages,2,2.0,4.0,Cash,C8763
S002-20260101-0866,2026-01-01 13:26:11,S002,P003,Milk 1L,Dairy,4,4.0,16.0,Cash,C1091
S002-20260103-0867,2026-01-03 19:12:12,S002,P002,Cooking Oil 1L,Groceries,5,12.5,62.5,Card,C2551
S002-20260101-0868,2026-01-01 17:29:38,S002,P003,Milk 1L,Dairy,1,4.0,4.0,Cash,C4703
S002-20260103-0869,2026-01-03 18:00:59,S002,P004,Bread Loaf,Bakery,3,3.0,9.0,Cash,C7982
S002-20260105-0870,2026-01-05 19:19:23,S002,P010,Detergent 1kg,Household,4,7.0,28.0,Transfer,C9864
S002-20260106-0871,2026-01-06 18:12:04,S002,P010,Detergent 1kg,Household,2,7.0,14.0,Cash,C4546
S002-20260103-0872,2026-01-03 10:16:36,S002,P002,Cooking Oil 1L,Groceries,2,12.5,25.0,Transfer,C7274
S002-20260103-0873,2026-01-03 17:49:54,S002,P010,Detergent 1kg,Household,5,7.0,35.0,Cash,C8756
S002-20260102-0874,2026-01-02 10:00:50,S002,P004,Bread Loaf,Bakery,2,3.0,6.0,Cash,C3400
S002-20260102-0875,2026-01-02 10:30:55,S002,P001,Rice 5kg,Groceries,3,25.0,75.0,Cash,C1855
S002-20260102-0876,2026-01-02 16:51:28,S002,P007,Chicken (1kg),Meat,4,8.5,34.0,Cash,C9198
S002-20260107-0877,2026-01-07 09:15:35,S002,P007,Chicken (1kg),Meat,4,8.5,34.0,Transfer,C8773
S002-20260103-0878,2026-01-03 12:53:33,S002,P006,Soft Drink 50cl,Beverages,5,2.0,10.0,Cash,C4504
S002-20260102-0879,2026-01-02 18:53:17,S002,P003,Milk 1L,Dairy,4,4.0,16.0,Card,C9029
S002-20260106-0880,2026-01-06 20:16:43,S002,P002,Cooking Oil 1L,Groceries,5,12.5,62.5,Transfer,C6704
S002-20260102-0881,2026-01-02 08:55:23,S002,P008,Sugar 1kg,Groceries,3,3.5,10.5,Card,C4502
S002-20260105-0882,2026-01-05 16:56:58,S002,P004,Bread Loaf,Bakery,4,3.0,12.0,Cash,C1174
S002-20260102-0883,2026-01-02 15:23:33,S002,P004,Bread Loaf,Bakery,1,3.0,3.0,Card,C6381
S002-20260101-0884,2026-01-01 13:58:16,S002,P009,Spaghetti 500g,Groceries,1,2.5,2.5,Card,C1549
S002-20260106-0885,2026-01-06 12:41:30,S002,P007,Chicken (1kg),Meat,1,8.5,8.5,Transfer,C5145
S002-20260103-0886,2026-01-03 18:03:36,S002,P001,Rice 5kg,Groceries,4,25.0,100.0,Transfer,C8446
S002-20260104-0887,2026-01-04 10:30:47,S002,P009,Spaghetti 500g,Groceries,1,2.5,2.5,Cash,C1472
S002-20260105-0888,2026-01-05 19:09:45,S002,P003,Milk 1L,Dairy,2,4.0,8.0,Cash,C2956
S002-20260101-0889,2026-01-01 15:40:45,S002,P001,Rice 5kg,Groceries,3,25.0,75.0,Cash,C9914
S002-20260103-0890,2026-01-03 21:12:41,S002,P010,Detergent 1kg,Household,1,7.0,7.0,Cash,C6185
S002-20260106-0891,2026-01-06 10:57:37,S002,P006,Soft Drink 50cl,Beverages,5,2.0,10.0,Cash,C7605
S002-20260104-0892,2026-01-04 21:42:42,S002,P001,Rice 5kg,Groceries,1,25.0,25.0,Cash,C9216
S002-20260102-0893,2026-01-02 19:17:05,S002,P003,Milk 1L,Dairy,4,4.0,16.0,Cash,C4255
S002-20260106-0894,2026-01-06 16:26:11,S002,P001,Rice 5kg,Groceries,3,25.0,75.0,Cash,C6745
S002-20260101-0895,2026-01-01 13:29:36,S002,P002,Cooking Oil 1L,Groceries,5,12.5,62.5,Transfer,C2444
S002-20260101-0896,2026-01-01 09:11:46,S002,P002,Cooking Oil 1L,Groceries,2,12.5,25.0,Cash,C1329
S002-20260107-0897,2026-01-07 10:50:00,S002,P004,Bread Loaf,Bakery,3,3.0,9.0,Card,C5042
S002-20260103-0898,2026-01-03 21:43:41,S002,P004,Bread Loaf,Bakery,2,3.0,6.0,Cash,C7214
S002-20260106-0899,2026-01-06 12:11:17,S002,P003,Milk 1L,Dairy,5,4.0,20.0,Cash,C4702
S002-20260107-0900,2026-01-07 11:17:56,S002,P004,Bread Loaf,Bakery,2,3.0,6.0,Transfer,C5249
S002-20260106-0901,2026-01-06 15:16:05,S002,P008,Sugar 1kg,Groceries,3,3.5,10.5,Card,C6715
S002-20260107-0902,2026-01-07 18:33:28,S002,P003,Milk 1L,Dairy,1,4.0,4.0,Transfer,C7318
S002-20260102-0903,2026-01-02 16:36:13,S002,P007,Chicken (1kg),Meat,3,8.5,25.5,Card,C5729
S002-20260102-0904,2026-01-02 13:44:32,S002,P009,Spaghetti 500g,Groceries,3,2.5,7.5,Cash,C4452
S002-20260103-0905,2026-01-03 11:29:16,S002,P001,Rice 5kg,Groceries,1,25.0,25.0,Card,C4054
S002-20260104-0906,2026-01-04 10:29:37,S002,P006,Soft Drink 50cl,Beverages,3,2.0,6.0,Card,C1554
S002-20260103-0907,2026-01-03 19:06:40,S002,P006,Soft Drink 50cl,Beverages,1,2.0,2.0,Cash,C8790
S002-20260103-0908,2026-01-03 13:41:57,S002,P002,Cooking Oil 1L,Groceries,2,12.5,25.0,Transfer,C6018
S002-20260102-0909,2026-01-02 15:34:11,S002,P001,Rice 5kg,Groceries,4,25.0,100.0,Transfer,C8478
S002-20260105-0910,2026-01-05 17:44:27,S002,P007,Chicken (1kg),Meat,4,8.5,34.0,Transfer,C5138
S002-20260106-0911,2026-01-06 13:38:21,S002,P008,Sugar 1kg,Groceries,4,3.5,14.0,Cash,C4838
S002-20260107-0912,2026-01-07 16:06:26,S002,P007,Chicken (1kg),Meat,3,8.5,25.5,Transfer,C7565
S002-20260105-0913,2026-01-05 08:10:32,S002,P003,Milk 1L,Dairy,3,4.0,12.0,Transfer,C9586
S002-20260102-0914,2026-01-02 17:48:08,S002,P003,Milk 1L,Dairy,3,4.0,12.0,Transfer,C1881
S002-20260101-0915,2026-01-01 12:50:49,S002,P003,Milk 1L,Dairy,3,4.0,12.0,Card,C3708
S002-20260104-0916,2026-01-04 08:42:09,S002,P004,Bread Loaf,Bakery,2,3.0,6.0,Cash,C2316
S002-20260102-0917,2026-01-02 11:54:13,S002,P007,Chicken (1kg),Meat,1,8.5,8.5,Card,C3525
S002-20260106-0918,2026-01-06 16:54:49,S002,P006,Soft Drink 50cl,Beverages,1,2.0,2.0,Card,C6647
S002-20260101-0919,2026-01-01 15:35:43,S002,P007,Chicken (1kg),Meat,2,8.5,17.0,Transfer,C7165
S002-20260107-0920,2026-01-07 15:45:15,S002,P002,Cooking Oil 1L,Groceries,4,12.5,50.0,Cash,C3187
S002-20260104-0921,2026-01-04 20:20:57,S002,P005,Eggs (12 pack),Dairy,4,6.5,26.0,Card,C9750
S002-20260101-0922,2026-01-01 13:31:42,S002,P010,Detergent 1kg,Household,1,7.0,7.0,Cash,C3918
S002-20260107-0923,2026-01-07 11:23:23,S002,P006,Soft Drink 50cl,Beverages,5,2.0,10.0,Transfer,C7523
S002-20260101-0924,2026-01-01 18:14:08,S002,P008,Sugar 1kg,Groceries,2,3.5,7.0,Cash,C5946
S002-20260104-0925,2026-01-04 09:21:24,S002,P003,Milk 1L,Dairy,4,4.0,16.0,Cash,C6096
S002-20260104-0926,2026-01-04 18:52:30,S002,P001,Rice 5kg,Groceries,3,25.0,75.0,Transfer,C7909
S002-20260102-0927,2026-01-02 10:25:43,S002,P009,Spaghetti 500g,Groceries,1,2.5,2.5,Card,C2353
S002-20260103-0928,2026-01-03 18:46:06,S002,P007,Chicken (1kg),Meat,1,8.5,8.5,Cash,C3109
S002-20260105-0929,2026-01-05 16:24:43,S002,P008,Sugar 1kg,Groceries,1,3.5,3.5,Card,C7581
S002-20260104-0930,2026-01-04 20:03:19,S002,P007,Chicken (1kg),Meat,3,8.5,25.5,Card,C2899
S002-20260105-0931,2026-01-05 20:51:58,S002,P008,Sugar 1kg,Groceries,5,3.5,17.5,Cash,C8758
S002-20260106-0932,2026-01-06 13:54:34,S002,P006,Soft Drink 50cl,Beverages,1,2.0,2.0,Transfer,C7947
S002-20260105-0933,2026-01-05 20:24:55,S002,P002,Cooking Oil 1L,Groceries,2,12.5,25.0,Cash,C5224
S002-20260102-0934,2026-01-02 16:52:39,S002,P008,Sugar 1kg,Groceries,4,3.5,14.0,Cash,C5615
S002-20260101-0935,2026-01-01 09:55:31,S002,P008,Sugar 1kg,Groceries,3,3.5,10.5,Cash,C7050
S002-20260103-0936,2026-01-03 14:21:43,S002,P005,Eggs (12 pack),Dairy,1,6.5,6.5,Card,C3928
S002-20260103-0937,2026-01-03 13:26:01,S002,P008,Sugar 1kg,Groceries,3,3.5,10.5,Cash,C1583
S002-20260105-0938,2026-01-05 09:22:46,S002,P001,Rice 5kg,Groceries,5,25.0,125.0,Card,C5073
S002-20260102-0939,2026-01-02 09:34:06,S002,P003,Milk 1L,Dairy,2,4.0,8.0,Card,C8063
S002-20260103-0940,2026-01-03 13:29:44,S002,P010,Detergent 1kg,Household,2,7.0,14.0,Transfer,C9577
S002-20260105-0941,2026-01-05 15:02:04,S002,P006,Soft Drink 50cl,Beverages,3,2.0,6.0,Cash,C2656
S002-20260104-0942,2026-01-04 16:46:05,S002,P006,Soft Drink 50cl,Beverages,3,2.0,6.0,Card,C1366
S002-20260102-0943,2026-01-02 19:16:46,S002,P002,Cooking Oil 1L,Groceries,4,12.5,50.0,Transfer,C4139
S002-20260105-0944,2026-01-05 12:19:39,S002,P009,Spaghetti 500g,Groceries,5,2.5,12.5,Transfer,C4993
S002-20260106-0945,2026-01-06 20:03:23,S002,P010,Detergent 1kg,Household,4,7.0,28.0,Cash,C8158
S002-20260103-0946,2026-01-03 19:44:49,S002,P003,Milk 1L,Dairy,3,4.0,12.0,Card,C1749
S002-20260105-0947,2026-01-05 14:58:11,S002,P005,Eggs (12 pack),Dairy,3,6.5,19.5,Cash,C4393
S002-20260101-0948,2026-01-01 20:26:42,S002,P003,Milk 1L,Dairy,3,4.0,12.0,Cash,C6212
S002-20260101-0949,2026-01-01 11:14:01,S002,P006,Soft Drink 50cl,Beverages,2,2.0,4.0,Cash,C5715
S002-20260106-0950,2026-01-06 19:38:52,S002,P008,Sugar 1kg,Groceries,5,3.5,17.5,Card,C6386
S002-20260105-0951,2026-01-05 14:30:59,S002,P009,Spaghetti 500g,Groceries,1,2.5,2.5,Cash,C6237
S002-20260103-0952,2026-01-03 21:28:09,S002,P008,Sugar 1kg,Groceries,4,3.5,14.0,Cash,C3785
S002-20260106-0953,2026-01-06 14:16:25,S002,P001,Rice 5kg,Groceries,5,25.0,125.0,Transfer,C8971
S002-20260105-0954,2026-01-05 13:05:13,S002,P009,Spaghetti 500g,Groceries,3,2.5,7.5,Cash,C6166
S002-20260104-0955,2026-01-04 18:29:01,S002,P003,Milk 1L,Dairy,5,4.0,20.0,Card,C6761
S002-20260105-0956,2026-01-05 14:26:48,S002,P001,Rice 5kg,Groceries,3,25.0,75.0,Card,C9040
S002-20260102-0957,2026-01-02 14:58:34,S002,P003,Milk 1L,Dairy,4,4.0,16.0,Card,C3023
S002-20260101-0958,2026-01-01 14:13:13,S002,P002,Cooking Oil 1L,Groceries,5,12.5,62.5,Cash,C3606
S002-20260107-0959,2026-01-07 20:47:25,S002,P009,Spaghetti 500g,Groceries,4,2.5,10.0,Cash,C4567
S002-20260104-0960,2026-01-04 17:17:20,S002,P006,Soft Drink 50cl,Beverages,1,2.0,2.0,Card,C6206
S002-20260105-0961,2026-01-05 16:34:25,S002,P004,Bread Loaf,Bakery,4,3.0,12.0,Card,C8600
S002-20260103-0962,2026-01-03 21:59:28,S002,P003,Milk 1L,Dairy,2,4.0,8.0,Card,C1054
S002-20260105-0963,2026-01-05 21:21:48,S002,P008,Sugar 1kg,Groceries,2,3.5,7.0,Card,C2610
S002-20260104-0964,2026-01-04 17:41:26,S002,P007,Chicken (1kg),Meat,4,8.5,34.0,Cash,C1475
S002-20260105-0965,2026-01-05 11:08:39,S002,P010,Detergent 1kg,Household,5,7.0,35.0,Transfer,C7697
S002-20260101-0966,2026-01-01 13:39:15,S002,P003,Milk 1L,Dairy,5,4.0,20.0,Card,C2490
S002-20260103-0967,2026-01-03 08:47:38,S002,P007,Chicken (1kg),Meat,5,8.5,42.5,Card,C4162
S002-20260107-0968,2026-01-07 10:29:23,S002,P004,Bread Loaf,Bakery,2,3.0,6.0,Card,C4273
S002-20260103-0969,2026-01-03 10:18:04,S002,P001,Rice 5kg,Groceries,2,25.0,50.0,Card,C8523
S002-20260102-0970,2026-01-02 18:38:28,S002,P004,Bread Loaf,Bakery,2,3.0,6.0,Transfer,C9195
S002-20260106-0971,2026-01-06 09:51:38,S002,P006,Soft Drink 50cl,Beverages,2,2.0,4.0,Cash,C2144
S002-20260101-0972,2026-01-01 19:02:43,S002,P007,Chicken (1kg),Meat,5,8.5,42.5,Transfer,C7313
S002-20260101-0973,2026-01-01 20:26:16,S002,P009,Spaghetti 500g,Groceries,1,2.5,2.5,Card,C9751
S002-20260106-0974,2026-01-06 08:28:30,S002,P001,Rice 5kg,Groceries,3,25.0,75.0,Transfer,C1653
S002-20260103-0975,2026-01-03 14:45:59,S002,P009,Spaghetti 500g,Groceries,4,2.5,10.0,Card,C3032
S002-20260101-0976,2026-01-01 10:54:16,S002,P010,Detergent 1kg,Household,1,7.0,7.0,Card,C7004
S002-20260104-0977,2026-01-04 18:21:09,S002,P004,Bread Loaf,Bakery,4,3.0,12.0,Cash,C2591
S002-20260103-0978,2026-01-03 18:44:04,S002,P008,Sugar 1kg,Groceries,4,3.5,14.0,Transfer,C5259
S002-20260103-0979,2026-01-03 12:44:28,S002,P006,Soft Drink 50cl,Beverages,4,2.0,8.0,Card,C5510
S002-20260105-0980,2026-01-05 08:48:08,S002,P003,Milk 1L,Dairy,5,4.0,20.0,Cash,C4621
S002-20260103-0981,2026-01-03 17:23:45,S002,P005,Eggs (12 pack),Dairy,3,6.5,19.5,Transfer,C3593
S002-20260105-0982,2026-01-05 18:19:30,S002,P008,Sugar 1kg,Groceries,3,3.5,10.5,Cash,C3106
S002-20260102-0983,2026-01-02 17:18:54,S002,P007,Chicken (1kg),Meat,3,8.5,25.5,Card,C1458
S002-20260107-0984,2026-01-07 11:37:19,S002,P003,Milk 1L,Dairy,5,4.0,20.0,Cash,C6966
S002-20260106-0985,2026-01-06 16:47:55,S002,P009,Spaghetti 500g,Groceries,4,2.5,10.0,Card,C3791
S002-20260103-0986,2026-01-03 18:09:37,S002,P009,Spaghetti 500g,Groceries,3,2.5,7.5,Card,C7192
S002-20260107-0987,2026-01-07 15:41:10,S002,P009,Spaghetti 500g,Groceries,4,2.5,10.0,Cash,C7223
S002-20260101-0988,2026-01-01 18:04:21,S002,P004,Bread Loaf,Bakery,3,3.0,9.0,Cash,C3459
S002-20260103-0989,2026-01-03 17:49:46,S002,P002,Cooking Oil 1L,Groceries,2,12.5,25.0,Cash,C8525
S002-20260105-0990,2026-01-05 18:58:00,S002,P009,Spaghetti 500g,Groceries,2,2.5,5.0,Card,C6956
S002-20260106-0991,2026-01-06 08:25:40,S002,P002,Cooking Oil 1L,Groceries,3,12.5,37.5,Card,C5447
S002-20260105-0992,2026-01-05 16:54:47,S002,P009,Spaghetti 500g,Groceries,1,2.5,2.5,Transfer,C1917
S002-20260104-0993,2026-01-04 17:33:15,S002,P004,Bread Loaf,Bakery,3,3.0,9.0,Transfer,C3993
S002-20260106-0994,2026-01-06 18:54:15,S002,P004,Bread Loaf,Bakery,4,3.0,12.0,Cash,C5354
S002-20260105-0995,2026-01-05 12:05:47,S002,P004,Bread Loaf,Bakery,1,3.0,3.0,Transfer,C3171
S002-20260105-0996,2026-01-05 12:03:13,S002,P004,Bread Loaf,Bakery,2,3.0,6.0,Card,C8819
S002-20260104-0997,2026-01-04 09:34:56,S002,P001,Rice 5kg,Groceries,3,25.0,75.0,Transfer,C2196
S002-20260102-0998,2026-01-02 15:07:28,S002,P002,Cooking Oil 1L,Groceries,4,12.5,50.0,Cash,C9886
S002-20260105-0999,2026-01-05 11:38:31,S002,P005,Eggs (12 pack),Dairy,5,6.5,32.5,Cash,C8041
S002-20260107-1000,2026-01-07 09:46:56,S002,P008,Sugar 1kg,Groceries,2,3.5,7.0,Card,C8475
